state,incidentType,declarationDate,year,month,ihProgramDeclared,paProgramDeclared
GA,Tornado,1953-05-02,1953,5,No,Yes
TX,Tornado,1953-05-15,1953,5,No,Yes
LA,Flood,1953-05-29,1953,5,No,Yes
MI,Tornado,1953-06-02,1953,6,No,Yes
MT,Flood,1953-06-06,1953,6,No,Yes
MI,Tornado,1953-06-09,1953,6,No,Yes
MA,Tornado,1953-06-11,1953,6,No,Yes
IA,Flood,1953-06-11,1953,6,No,Yes
TX,Flood,1953-06-19,1953,6,No,Yes
NH,Fire,1953-07-02,1953,7,No,Yes
FL,Flood,1953-10-22,1953,10,No,Yes
AK,Other,1953-10-30,1953,10,No,Yes
MS,Tornado,1953-12-06,1953,12,No,Yes
CA,Flood,1954-02-05,1954,2,No,Yes
GA,Tornado,1954-03-17,1954,3,No,Yes
IA,Flood,1954-06-23,1954,6,No,Yes
TX,Flood,1954-07-01,1954,7,No,Yes
NV,Earthquake,1954-07-14,1954,7,No,Yes
SD,Flood,1954-07-31,1954,7,No,Yes
WV,Flood,1954-08-04,1954,8,No,Yes
MA,Hurricane,1954-09-02,1954,9,No,Yes
RI,Hurricane,1954-09-02,1954,9,No,Yes
ME,Hurricane,1954-09-13,1954,9,No,Yes
CT,Hurricane,1954-09-17,1954,9,No,Yes
NY,Hurricane,1954-10-07,1954,10,No,Yes
NM,Flood,1954-10-13,1954,10,No,Yes
NC,Hurricane,1954-10-17,1954,10,No,Yes
SC,Hurricane,1954-10-17,1954,10,No,Yes
IN,Flood,1954-10-26,1954,10,No,Yes
AK,Other,1954-11-10,1954,11,No,Yes
HI,Volcano,1955-04-01,1955,4,No,Yes
CO,Flood,1955-05-25,1955,5,No,Yes
KS,Tornado,1955-05-27,1955,5,No,Yes
OK,Flood,1955-06-01,1955,6,No,Yes
NV,Flood,1955-06-21,1955,6,No,Yes
NC,Hurricane,1955-08-13,1955,8,No,Yes
NM,Flood,1955-08-15,1955,8,No,Yes
RI,Hurricane,1955-08-20,1955,8,No,Yes
PA,Flood,1955-08-20,1955,8,No,Yes
NJ,Hurricane,1955-08-20,1955,8,No,Yes
CT,Hurricane,1955-08-20,1955,8,No,Yes
MA,Hurricane,1955-08-20,1955,8,No,Yes
SC,Hurricane,1955-08-20,1955,8,No,Yes
NY,Hurricane,1955-08-22,1955,8,No,Yes
AK,Other,1955-12-22,1955,12,No,Yes
CA,Flood,1955-12-23,1955,12,No,Yes
NV,Flood,1955-12-24,1955,12,No,Yes
OR,Flood,1955-12-29,1955,12,No,Yes
WA,Flood,1956-02-25,1956,2,No,Yes
PA,Flood,1956-03-15,1956,3,No,Yes
NY,Flood,1956-03-29,1956,3,No,Yes
MI,Tornado,1956-04-05,1956,4,No,Yes
OK,Tornado,1956-04-07,1956,4,No,Yes
ID,Flood,1956-04-21,1956,4,No,Yes
NC,Storm,1956-04-24,1956,4,No,Yes
OH,Other,1956-05-17,1956,5,No,Yes
PA,Storm,1956-05-21,1956,5,No,Yes
CO,Flood,1956-06-12,1956,6,No,Yes
OR,Flood,1956-07-20,1956,7,No,Yes
PA,Storm,1956-08-09,1956,8,No,Yes
PR,Hurricane,1956-08-18,1956,8,No,Yes
NV,Flood,1956-08-31,1956,8,No,Yes
LA,Hurricane,1956-10-04,1956,10,No,Yes
CA,Fire,1956-12-29,1956,12,No,Yes
KY,Flood,1957-01-31,1957,1,No,Yes
WV,Flood,1957-01-31,1957,1,No,Yes
VA,Flood,1957-02-01,1957,2,No,Yes
OR,Flood,1957-03-01,1957,3,No,Yes
WA,Flood,1957-03-06,1957,3,No,Yes
HI,Other,1957-03-16,1957,3,No,Yes
TX,Hurricane,1957-04-29,1957,4,No,Yes
LA,Hurricane,1957-05-16,1957,5,No,Yes
OK,Flood,1957-05-18,1957,5,No,Yes
MO,Tornado,1957-05-22,1957,5,No,Yes
ID,Flood,1957-05-27,1957,5,No,Yes
AR,Tornado,1957-05-29,1957,5,No,Yes
IL,Flood,1957-06-22,1957,6,No,Yes
ND,Tornado,1957-06-22,1957,6,No,Yes
MN,Flood,1957-06-22,1957,6,No,Yes
KS,Flood,1957-09-05,1957,9,No,Yes
CA,Flood,1958-04-04,1958,4,No,Yes
AR,Flood,1958-05-15,1958,5,No,Yes
LA,Flood,1958-05-20,1958,5,No,Yes
TX,Tornado,1958-06-06,1958,6,No,Yes
IA,Flood,1958-07-05,1958,7,No,Yes
NC,Hurricane,1958-10-01,1958,10,No,Yes
KS,Flood,1958-11-06,1958,11,No,Yes
PA,Flood,1959-01-23,1959,1,No,Yes
OH,Flood,1959-01-23,1959,1,No,Yes
IN,Flood,1959-01-29,1959,1,No,Yes
OK,Flood,1959-07-08,1959,7,No,Yes
TX,Flood,1959-07-08,1959,7,No,Yes
HI,Hurricane,1959-08-16,1959,8,No,Yes
OK,Flood,1959-11-09,1959,11,No,Yes
HI,Earthquake,1960-01-21,1960,1,No,Yes
FL,Other,1960-03-23,1960,3,No,Yes
NE,Flood,1960-04-04,1960,4,No,Yes
SD,Flood,1960-04-08,1960,4,No,Yes
MO,Flood,1960-04-20,1960,4,No,Yes
HI,Other,1960-05-25,1960,5,No,Yes
AR,Tornado,1960-05-28,1960,5,No,Yes
TX,Storm,1960-07-15,1960,7,No,Yes
OK,Storm,1960-07-15,1960,7,No,Yes
ID,Fire,1960-07-22,1960,7,No,Yes
FL,Hurricane,1960-09-12,1960,9,No,Yes
NC,Hurricane,1960-09-16,1960,9,No,Yes
MS,Flood,1961-02-27,1961,2,No,Yes
AL,Flood,1961-02-27,1961,2,No,Yes
GA,Flood,1961-03-02,1961,3,No,Yes
IA,Flood,1961-03-31,1961,3,No,Yes
AR,Flood,1961-05-16,1961,5,No,Yes
IN,Flood,1961-05-20,1961,5,No,Yes
MO,Flood,1961-05-27,1961,5,No,Yes
IL,Flood,1961-05-27,1961,5,No,Yes
ID,Flood,1961-06-26,1961,6,No,Yes
WV,Flood,1961-07-23,1961,7,No,Yes
TX,Hurricane,1961-09-16,1961,9,No,Yes
CA,Fire,1961-11-16,1961,11,No,Yes
ID,Flood,1962-02-14,1962,2,No,Yes
NV,Flood,1962-02-22,1962,2,No,Yes
CA,Flood,1962-03-06,1962,3,No,Yes
VA,Flood,1962-03-09,1962,3,No,Yes
NJ,Flood,1962-03-09,1962,3,No,Yes
WV,Flood,1962-03-09,1962,3,No,Yes
DE,Flood,1962-03-09,1962,3,No,Yes
MD,Flood,1962-03-09,1962,3,No,Yes
KY,Flood,1962-03-12,1962,3,No,Yes
NY,Flood,1962-03-16,1962,3,No,Yes
NC,Flood,1962-03-16,1962,3,No,Yes
NE,Flood,1962-05-10,1962,5,No,Yes
SD,Flood,1962-07-27,1962,7,No,Yes
IA,Flood,1962-09-05,1962,9,No,Yes
NE,Flood,1962-09-05,1962,9,No,Yes
MS,Chemical,1962-10-10,1962,10,No,Yes
OR,Storm,1962-10-16,1962,10,No,Yes
WA,Storm,1962-10-20,1962,10,No,Yes
CA,Flood,1962-10-24,1962,10,No,Yes
LA,Chemical,1962-11-05,1962,11,No,Yes
GU,Typhoon,1962-11-12,1962,11,No,Yes
FL,Flood,1962-12-17,1962,12,No,Yes
NV,Flood,1963-02-14,1963,2,No,Yes
ID,Flood,1963-02-14,1963,2,No,Yes
OR,Flood,1963-02-25,1963,2,No,Yes
CA,Flood,1963-02-25,1963,2,No,Yes
WA,Flood,1963-03-02,1963,3,No,Yes
WV,Flood,1963-03-13,1963,3,No,Yes
KY,Flood,1963-03-13,1963,3,No,Yes
VA,Flood,1963-03-21,1963,3,No,Yes
GA,Flood,1963-03-26,1963,3,No,Yes
TN,Flood,1963-03-27,1963,3,No,Yes
HI,Flood,1963-04-24,1963,4,No,Yes
GU,Typhoon,1963-04-30,1963,4,No,Yes
FM,Typhoon,1963-04-30,1963,4,No,Yes
WY,Flood,1963-07-04,1963,7,No,Yes
NE,Flood,1963-07-17,1963,7,No,Yes
AR,Flood,1963-08-02,1963,8,No,Yes
NY,Flood,1963-08-23,1963,8,No,Yes
TX,Hurricane,1963-09-24,1963,9,No,Yes
VT,Drought,1963-11-27,1963,11,No,Yes
CA,Dam/Levee Break,1963-12-21,1963,12,No,Yes
IN,Flood,1964-03-17,1964,3,No,Yes
KY,Flood,1964-03-17,1964,3,No,Yes
VT,Flood,1964-03-17,1964,3,No,Yes
WV,Flood,1964-03-20,1964,3,No,Yes
AR,Flood,1964-03-20,1964,3,No,Yes
OH,Flood,1964-03-24,1964,3,No,Yes
AK,Earthquake,1964-03-28,1964,3,No,Yes
CA,Other,1964-04-01,1964,4,No,Yes
PR,Drought,1964-05-26,1964,5,No,Yes
VI,Drought,1964-06-08,1964,6,No,Yes
MT,Flood,1964-06-09,1964,6,No,Yes
MO,Flood,1964-07-08,1964,7,No,Yes
NE,Flood,1964-07-20,1964,7,No,Yes
FL,Hurricane,1964-09-08,1964,9,No,Yes
FL,Hurricane,1964-09-10,1964,9,No,Yes
GA,Hurricane,1964-09-10,1964,9,No,Yes
LA,Hurricane,1964-10-03,1964,10,No,Yes
NC,Flood,1964-10-13,1964,10,No,Yes
GA,Flood,1964-11-04,1964,11,No,Yes
FM,Typhoon,1964-12-10,1964,12,No,Yes
MT,Snow,1964-12-18,1964,12,No,Yes
CA,Flood,1964-12-24,1964,12,No,Yes
OR,Flood,1964-12-24,1964,12,No,Yes
WA,Flood,1964-12-29,1964,12,No,Yes
ID,Flood,1964-12-31,1964,12,No,Yes
NV,Flood,1965-01-18,1965,1,No,Yes
MN,Flood,1965-04-11,1965,4,No,Yes
IN,Tornado,1965-04-14,1965,4,No,Yes
MI,Tornado,1965-04-14,1965,4,No,Yes
OH,Tornado,1965-04-14,1965,4,No,Yes
WI,Tornado,1965-04-21,1965,4,No,Yes
IA,Flood,1965-04-22,1965,4,No,Yes
IL,Tornado,1965-04-25,1965,4,No,Yes
ND,Flood,1965-05-10,1965,5,No,Yes
WA,Earthquake,1965-05-11,1965,5,No,Yes
SD,Flood,1965-05-26,1965,5,No,Yes
MO,Storm,1965-06-14,1965,6,No,Yes
TX,Tornado,1965-06-19,1965,6,No,Yes
CO,Tornado,1965-06-19,1965,6,No,Yes
KS,Flood,1965-06-23,1965,6,No,Yes
NM,Flood,1965-07-01,1965,7,No,Yes
MO,Flood,1965-07-27,1965,7,No,Yes
NY,Drought,1965-08-18,1965,8,No,Yes
NJ,Drought,1965-08-18,1965,8,No,Yes
PA,Drought,1965-08-18,1965,8,No,Yes
DE,Drought,1965-08-18,1965,8,No,Yes
LA,Hurricane,1965-09-10,1965,9,No,Yes
FL,Hurricane,1965-09-14,1965,9,No,Yes
MS,Hurricane,1965-09-25,1965,9,No,Yes
CA,Flood,1965-12-07,1965,12,No,Yes
CA,Flood,1966-01-22,1966,1,No,Yes
AS,Typhoon,1966-02-10,1966,2,No,Yes
GA,Flood,1966-03-14,1966,3,No,Yes
MN,Flood,1966-03-22,1966,3,No,Yes
ND,Flood,1966-03-23,1966,3,No,Yes
AZ,Flood,1966-04-30,1966,4,No,Yes
TX,Flood,1966-05-12,1966,5,No,Yes
KS,Tornado,1966-06-10,1966,6,No,Yes
ND,Flood,1966-07-09,1966,7,No,Yes
NE,Flood,1966-08-31,1966,8,No,Yes
TX,Flood,1966-09-27,1966,9,No,Yes
CA,Flood,1967-01-02,1967,1,No,Yes
WV,Flood,1967-03-13,1967,3,No,Yes
PW,Typhoon,1967-03-21,1967,3,No,Yes
KY,Flood,1967-03-27,1967,3,No,Yes
IL,Tornado,1967-04-25,1967,4,No,Yes
NE,Flood,1967-07-18,1967,7,No,Yes
KS,Tornado,1967-07-18,1967,7,No,Yes
AK,Flood,1967-08-17,1967,8,No,Yes
ID,Fire,1967-08-30,1967,8,No,Yes
TX,Hurricane,1967-09-28,1967,9,No,Yes
NY,Flood,1967-10-30,1967,10,No,Yes
NC,Ice,1968-02-10,1968,2,No,Yes
PW,Typhoon,1968-04-18,1968,4,No,Yes
AR,Tornado,1968-05-03,1968,5,No,Yes
KY,Tornado,1968-05-04,1968,5,No,Yes
OH,Tornado,1968-05-04,1968,5,No,Yes
AR,Tornado,1968-05-29,1968,5,No,Yes
IA,Tornado,1968-05-29,1968,5,No,Yes
OK,Flood,1968-05-29,1968,5,No,Yes
IL,Tornado,1968-06-05,1968,6,No,Yes
OH,Flood,1968-06-05,1968,6,No,Yes
TX,Flood,1968-06-10,1968,6,No,Yes
NJ,Flood,1968-06-18,1968,6,No,Yes
TX,Flood,1968-07-05,1968,7,No,Yes
IN,Flood,1968-07-30,1968,7,No,Yes
IA,Flood,1968-08-04,1968,8,No,Yes
MN,Flood,1968-08-15,1968,8,No,Yes
MN,Flood,1968-09-09,1968,9,No,Yes
HI,Flood,1968-09-13,1968,9,No,Yes
FL,Hurricane,1968-11-07,1968,11,No,Yes
CA,Flood,1969-01-26,1969,1,No,Yes
AR,Flood,1969-02-15,1969,2,No,Yes
MN,Flood,1969-04-18,1969,4,No,Yes
ND,Flood,1969-04-18,1969,4,No,Yes
SD,Flood,1969-04-18,1969,4,No,Yes
NV,Flood,1969-04-19,1969,4,No,Yes
IA,Flood,1969-04-25,1969,4,No,Yes
WI,Flood,1969-05-01,1969,5,No,Yes
CO,Flood,1969-05-19,1969,5,No,Yes
IL,Flood,1969-06-06,1969,6,No,Yes
TN,Flood,1969-07-11,1969,7,No,Yes
WI,Flood,1969-07-11,1969,7,No,Yes
KY,Flood,1969-07-15,1969,7,No,Yes
OH,Tornado,1969-07-15,1969,7,No,Yes
KS,Tornado,1969-07-15,1969,7,No,Yes
MN,Flood,1969-08-05,1969,8,No,Yes
IA,Flood,1969-08-14,1969,8,No,Yes
CA,Flood,1969-08-15,1969,8,No,Yes
MS,Hurricane,1969-08-18,1969,8,No,Yes
LA,Hurricane,1969-08-19,1969,8,No,Yes
PA,Flood,1969-08-19,1969,8,No,Yes
VA,Hurricane,1969-08-23,1969,8,No,Yes
NY,Flood,1969-08-26,1969,8,No,Yes
IL,Flood,1969-08-30,1969,8,No,Yes
VT,Flood,1969-08-30,1969,8,No,Yes
WV,Hurricane,1969-09-03,1969,9,No,Yes
WV,Flood,1969-09-24,1969,9,No,Yes
AL,Hurricane,1969-11-07,1969,11,No,Yes
AK,Storm,1969-12-19,1969,12,No,Yes
KY,Flood,1970-02-02,1970,2,No,Yes
CA,Flood,1970-02-16,1970,2,No,Yes
ME,Flood,1970-02-27,1970,2,No,Yes
AL,Storm,1970-04-09,1970,4,No,Yes
TX,Tornado,1970-05-13,1970,5,No,Yes
ND,Flood,1970-06-05,1970,6,No,Yes
KY,Flood,1970-06-05,1970,6,No,Yes
FL,Flood,1970-07-03,1970,7,No,Yes
NY,Flood,1970-07-22,1970,7,No,Yes
MN,Flood,1970-07-22,1970,7,No,Yes
TX,Hurricane,1970-08-04,1970,8,No,Yes
CO,Flood,1970-09-22,1970,9,No,Yes
AZ,Flood,1970-09-22,1970,9,No,Yes
CA,Fire,1970-09-29,1970,9,No,Yes
PR,Flood,1970-10-12,1970,10,No,Yes
OK,Storm,1970-10-14,1970,10,No,Yes
VI,Flood,1970-10-17,1970,10,No,Yes
CA,Earthquake,1971-02-09,1971,2,No,Yes
WA,Flood,1971-02-09,1971,2,No,Yes
OR,Flood,1971-02-13,1971,2,No,Yes
MS,Tornado,1971-02-22,1971,2,No,Yes
NE,Flood,1971-02-23,1971,2,No,Yes
FL,Winter,1971-03-15,1971,3,No,Yes
KY,Tornado,1971-05-10,1971,5,No,Yes
TN,Tornado,1971-05-18,1971,5,No,Yes
FM,Typhoon,1971-05-18,1971,5,No,Yes
NE,Flood,1971-07-07,1971,7,No,Yes
MD,Flood,1971-08-17,1971,8,No,Yes
NJ,Flood,1971-09-04,1971,9,No,Yes
NY,Flood,1971-09-13,1971,9,No,Yes
PA,Flood,1971-09-18,1971,9,No,Yes
TX,Flood,1971-09-18,1971,9,No,Yes
OK,Flood,1971-09-28,1971,9,No,Yes
LA,Hurricane,1971-10-13,1971,10,No,Yes
CA,Flood,1972-01-11,1972,1,No,Yes
OK,Flood,1972-01-14,1972,1,No,Yes
MS,Flood,1972-01-19,1972,1,No,Yes
OR,Flood,1972-01-21,1972,1,No,Yes
TX,Flood,1972-01-27,1972,1,No,Yes
AR,Flood,1972-01-27,1972,1,No,Yes
WA,Flood,1972-02-01,1972,2,No,Yes
WV,Flood,1972-02-27,1972,2,No,Yes
ID,Flood,1972-03-02,1972,3,No,Yes
MA,Flood,1972-03-06,1972,3,No,Yes
ME,Flood,1972-03-07,1972,3,No,Yes
NH,Storm,1972-03-18,1972,3,No,Yes
WA,Flood,1972-03-24,1972,3,No,Yes
CA,Flood,1972-04-05,1972,4,No,Yes
MI,Snow,1972-04-05,1972,4,No,Yes
TN,Flood,1972-05-15,1972,5,No,Yes
KY,Flood,1972-05-15,1972,5,No,Yes
TX,Flood,1972-05-20,1972,5,No,Yes
WA,Flood,1972-06-10,1972,6,No,Yes
ND,Flood,1972-06-10,1972,6,No,Yes
SD,Flood,1972-06-10,1972,6,No,Yes
FL,Storm,1972-06-23,1972,6,No,Yes
NY,Flood,1972-06-23,1972,6,No,Yes
VA,Flood,1972-06-23,1972,6,No,Yes
PA,Flood,1972-06-23,1972,6,No,Yes
MD,Flood,1972-06-23,1972,6,No,Yes
CA,Flood,1972-06-27,1972,6,No,Yes
AZ,Flood,1972-07-03,1972,7,No,Yes
WV,Flood,1972-07-03,1972,7,No,Yes
OH,Flood,1972-07-19,1972,7,No,Yes
NM,Flood,1972-08-01,1972,8,No,Yes
MN,Flood,1972-08-01,1972,8,No,Yes
IA,Flood,1972-08-18,1972,8,No,Yes
WV,Flood,1972-08-23,1972,8,No,Yes
MN,Flood,1972-08-25,1972,8,No,Yes
IL,Flood,1972-09-04,1972,9,No,Yes
WI,Flood,1972-09-10,1972,9,No,Yes
NM,Flood,1972-09-20,1972,9,No,Yes
IA,Flood,1972-09-26,1972,9,No,Yes
PA,Flood,1972-09-28,1972,9,No,Yes
ME,Water,1972-09-28,1972,9,No,No
MA,Water,1972-09-28,1972,9,No,No
VA,Flood,1972-10-07,1972,10,No,Yes
VA,Flood,1972-10-10,1972,10,No,Yes
AZ,Flood,1972-10-25,1972,10,No,Yes
NM,Flood,1972-11-20,1972,11,No,Yes
OH,Flood,1972-11-24,1972,11,No,Yes
MI,Flood,1972-12-01,1972,12,No,Yes
CA,Flood,1973-02-08,1973,2,No,Yes
TX,Storm,1973-03-12,1973,3,No,Yes
TN,Flood,1973-03-21,1973,3,No,Yes
NY,Flood,1973-03-21,1973,3,No,Yes
MS,Storm,1973-03-27,1973,3,No,Yes
AL,Tornado,1973-03-27,1973,3,No,Yes
GA,Tornado,1973-04-04,1973,4,No,Yes
MI,Flood,1973-04-12,1973,4,No,Yes
MO,Storm,1973-04-19,1973,4,No,Yes
IL,Flood,1973-04-26,1973,4,No,Yes
LA,Flood,1973-04-27,1973,4,No,Yes
AR,Flood,1973-04-27,1973,4,No,Yes
WI,Flood,1973-04-27,1973,4,No,Yes
OH,Flood,1973-04-27,1973,4,No,Yes
KS,Flood,1973-05-02,1973,5,No,Yes
CO,Dam/Levee Break,1973-05-08,1973,5,No,Yes
NM,Flood,1973-05-11,1973,5,No,Yes
KY,Flood,1973-05-11,1973,5,No,Yes
TN,Flood,1973-05-11,1973,5,No,Yes
HI,Earthquake,1973-05-16,1973,5,No,Yes
ME,Flood,1973-05-23,1973,5,No,Yes
CO,Flood,1973-05-23,1973,5,No,Yes
IA,Flood,1973-05-23,1973,5,No,Yes
FL,Flood,1973-05-26,1973,5,No,Yes
AL,Flood,1973-05-29,1973,5,No,Yes
AR,Flood,1973-05-29,1973,5,No,Yes
OH,Mud/Landslide,1973-06-04,1973,6,No,Yes
GA,Tornado,1973-06-11,1973,6,No,Yes
OK,Storm,1973-06-13,1973,6,No,Yes
TX,Flood,1973-06-25,1973,6,No,Yes
NC,Flood,1973-06-25,1973,6,No,Yes
TN,Flood,1973-06-28,1973,6,No,Yes
CO,Flood,1973-07-06,1973,7,No,Yes
VT,Flood,1973-07-06,1973,7,No,Yes
TX,Flood,1973-07-11,1973,7,No,Yes
NH,Flood,1973-07-11,1973,7,No,Yes
PA,Flood,1973-07-17,1973,7,No,Yes
NY,Flood,1973-07-20,1973,7,No,Yes
NJ,Flood,1973-08-07,1973,8,No,Yes
KS,Storm,1973-09-28,1973,9,No,Yes
OK,Flood,1973-10-13,1973,10,No,Yes
MA,Fire,1973-10-16,1973,10,No,Yes
NE,Flood,1973-10-20,1973,10,No,Yes
MO,Flood,1973-11-01,1973,11,No,Yes
AK,Flood,1973-11-07,1973,11,No,Yes
OK,Flood,1973-12-10,1973,12,No,Yes
ME,Flood,1974-01-18,1974,1,No,Yes
NH,Flood,1974-01-21,1974,1,No,Yes
CA,Flood,1974-01-25,1974,1,No,Yes
OR,Flood,1974-01-25,1974,1,No,Yes
WA,Flood,1974-01-25,1974,1,No,Yes
ID,Flood,1974-01-25,1974,1,No,Yes
WV,Flood,1974-01-29,1974,1,No,Yes
MT,Flood,1974-01-29,1974,1,No,Yes
LA,Flood,1974-02-23,1974,2,No,Yes
OK,Flood,1974-03-22,1974,3,No,Yes
KY,Tornado,1974-04-04,1974,4,No,Yes
OH,Tornado,1974-04-04,1974,4,No,Yes
AL,Tornado,1974-04-04,1974,4,No,Yes
IN,Tornado,1974-04-04,1974,4,No,Yes
TN,Tornado,1974-04-04,1974,4,No,Yes
GA,Tornado,1974-04-05,1974,4,No,Yes
WV,Flood,1974-04-11,1974,4,No,No
IL,Tornado,1974-04-11,1974,4,No,Yes
NC,Tornado,1974-04-12,1974,4,No,Yes
MI,Tornado,1974-04-12,1974,4,No,Yes
MS,Flood,1974-04-18,1974,4,No,Yes
WI,Tornado,1974-04-26,1974,4,No,Yes
CA,Flood,1974-05-07,1974,5,No,Yes
HI,Flood,1974-05-07,1974,5,No,No
ND,Flood,1974-05-14,1974,5,No,Yes
AR,Flood,1974-05-31,1974,5,No,Yes
OH,Flood,1974-05-31,1974,5,No,Yes
AR,Flood,1974-06-08,1974,6,No,Yes
IL,Flood,1974-06-10,1974,6,No,Yes
MO,Flood,1974-06-10,1974,6,No,Yes
MN,Flood,1974-06-10,1974,6,No,Yes
OK,Flood,1974-06-10,1974,6,No,Yes
KS,Flood,1974-06-10,1974,6,No,Yes
IA,Flood,1974-06-24,1974,6,No,Yes
AK,Winter,1974-06-24,1974,6,No,No
OH,Flood,1974-07-11,1974,7,No,Yes
MN,Flood,1974-07-13,1974,7,No,Yes
VI,Drought,1974-07-22,1974,7,No,Yes
NY,Flood,1974-07-23,1974,7,No,Yes
PR,Drought,1974-08-29,1974,8,No,Yes
AK,Other,1974-09-14,1974,9,No,Yes
LA,Hurricane,1974-09-23,1974,9,No,Yes
AS,Drought,1974-09-30,1974,9,No,No
LA,Storm,1974-11-01,1974,11,No,Yes
NY,Flood,1974-11-02,1974,11,No,No
VI,Flood,1974-11-14,1974,11,No,Yes
AK,Flood,1974-11-14,1974,11,No,Yes
OK,Flood,1974-11-26,1974,11,No,Yes
TX,Flood,1974-11-30,1974,11,No,Yes
PR,Flood,1974-11-30,1974,11,No,Yes
NJ,Storm,1974-12-24,1974,12,No,Yes
MS,Tornado,1975-01-18,1975,1,No,Yes
AL,Tornado,1975-01-18,1975,1,No,Yes
MS,Tornado,1975-01-30,1975,1,No,Yes
TX,Flood,1975-02-15,1975,2,No,Yes
AL,Flood,1975-03-14,1975,3,No,Yes
GA,Tornado,1975-03-14,1975,3,No,No
KY,Other,1975-03-19,1975,3,No,No
TN,Flood,1975-03-22,1975,3,No,Yes
GA,Tornado,1975-03-29,1975,3,No,Yes
KY,Flood,1975-03-29,1975,3,No,Yes
TX,Tornado,1975-04-01,1975,4,No,Yes
AR,Tornado,1975-04-01,1975,4,No,Yes
MS,Flood,1975-04-04,1975,4,No,No
LA,Flood,1975-04-12,1975,4,No,No
AL,Flood,1975-04-23,1975,4,No,Yes
MI,Flood,1975-04-26,1975,4,No,Yes
MO,Tornado,1975-05-03,1975,5,No,Yes
NE,Tornado,1975-05-07,1975,5,No,Yes
KY,Flood,1975-05-24,1975,5,No,Yes
ND,Flood,1975-05-24,1975,5,No,Yes
LA,Storm,1975-06-06,1975,6,No,Yes
AR,Flood,1975-06-07,1975,6,No,Yes
MT,Flood,1975-06-28,1975,6,No,Yes
MN,Flood,1975-07-05,1975,7,No,Yes
OK,Storm,1975-07-09,1975,7,No,Yes
ND,Flood,1975-07-11,1975,7,No,Yes
MN,Storm,1975-07-17,1975,7,No,Yes
NJ,Flood,1975-07-23,1975,7,No,Yes
IL,Tornado,1975-07-25,1975,7,No,Yes
FL,Flood,1975-08-22,1975,8,No,Yes
OH,Flood,1975-09-11,1975,9,No,Yes
WV,Flood,1975-09-12,1975,9,No,Yes
WI,Storm,1975-09-15,1975,9,No,Yes
PR,Flood,1975-09-19,1975,9,No,Yes
FL,Flood,1975-09-26,1975,9,No,Yes
PA,Flood,1975-09-26,1975,9,No,Yes
MI,Flood,1975-09-30,1975,9,No,Yes
NY,Flood,1975-10-02,1975,10,No,Yes
AL,Storm,1975-10-02,1975,10,No,Yes
MD,Flood,1975-10-04,1975,10,No,Yes
HI,Earthquake,1975-12-07,1975,12,No,Yes
OK,Tornado,1975-12-10,1975,12,No,Yes
WA,Flood,1975-12-13,1975,12,No,Yes
AK,Fire,1975-12-18,1975,12,No,Yes
NY,Ice,1976-03-19,1976,3,No,Yes
MI,Storm,1976-03-19,1976,3,No,Yes
WI,Flood,1976-03-23,1976,3,No,Yes
OK,Tornado,1976-04-01,1976,4,No,Yes
AR,Tornado,1976-04-01,1976,4,No,Yes
MS,Storm,1976-04-01,1976,4,No,Yes
NE,Ice,1976-04-08,1976,4,No,Yes
ND,Flood,1976-04-13,1976,4,No,No
ND,Flood,1976-04-16,1976,4,No,Yes
PW,Typhoon,1976-04-22,1976,4,No,Yes
GU,Typhoon,1976-05-22,1976,5,No,Yes
OK,Flood,1976-06-05,1976,6,No,Yes
ID,Flood,1976-06-06,1976,6,No,Yes
PW,Typhoon,1976-06-08,1976,6,No,Yes
GA,Flood,1976-06-11,1976,6,No,Yes
MP,Typhoon,1976-06-17,1976,6,No,Yes
MN,Drought,1976-06-17,1976,6,No,Yes
WI,Drought,1976-06-17,1976,6,No,Yes
SD,Drought,1976-06-17,1976,6,No,Yes
IL,Storm,1976-06-18,1976,6,No,Yes
TX,Flood,1976-06-19,1976,6,No,Yes
SD,Flood,1976-06-25,1976,6,No,Yes
NY,Flood,1976-06-29,1976,6,No,Yes
PA,Flood,1976-07-07,1976,7,No,Yes
KS,Flood,1976-07-13,1976,7,No,Yes
NY,Flood,1976-07-21,1976,7,No,Yes
MO,Flood,1976-07-21,1976,7,No,Yes
ND,Drought,1976-07-21,1976,7,No,Yes
CO,Flood,1976-08-02,1976,8,No,Yes
VT,Flood,1976-08-05,1976,8,No,Yes
NJ,Flood,1976-08-21,1976,8,No,Yes
NY,Hurricane,1976-09-03,1976,9,No,Yes
CA,Flood,1976-09-21,1976,9,No,Yes
MO,Drought,1976-09-24,1976,9,No,Yes
MD,Flood,1976-10-14,1976,10,No,Yes
VA,Drought,1976-10-15,1976,10,No,Yes
PA,Flood,1976-10-20,1976,10,No,Yes
AR,Drought,1976-12-03,1976,12,No,Yes
OK,Fire,1977-01-18,1977,1,No,No
NE,Drought,1977-01-18,1977,1,No,Yes
WV,Drought,1977-01-19,1977,1,No,Yes
CA,Drought,1977-01-20,1977,1,No,Yes
UT,Drought,1977-01-20,1977,1,No,Yes
MD,Snow,1977-01-26,1977,1,No,No
VA,Winter,1977-01-26,1977,1,No,No
CO,Drought,1977-01-29,1977,1,No,Yes
PA,Snow,1977-01-29,1977,1,No,Yes
NY,Snow,1977-01-29,1977,1,No,Yes
FL,Winter,1977-01-31,1977,1,No,No
IN,Snow,1977-02-02,1977,2,No,Yes
OH,Snow,1977-02-02,1977,2,No,Yes
NY,Snow,1977-02-05,1977,2,No,Yes
MI,Snow,1977-02-05,1977,2,No,Yes
NJ,Ice,1977-02-08,1977,2,No,No
LA,Snow,1977-02-22,1977,2,No,Yes
MS,Snow,1977-02-22,1977,2,No,Yes
NC,Snow,1977-03-02,1977,3,No,Yes
NM,Drought,1977-03-02,1977,3,No,Yes
MI,Drought,1977-03-02,1977,3,No,Yes
IA,Drought,1977-03-31,1977,3,No,Yes
WA,Drought,1977-03-31,1977,3,No,Yes
KY,Flood,1977-04-06,1977,4,No,Yes
VA,Flood,1977-04-07,1977,4,No,Yes
WV,Flood,1977-04-07,1977,4,No,Yes
AL,Flood,1977-04-09,1977,4,No,Yes
AZ,Drought,1977-04-15,1977,4,No,Yes
TN,Flood,1977-04-29,1977,4,No,Yes
OR,Drought,1977-04-29,1977,4,No,Yes
LA,Flood,1977-05-02,1977,5,No,Yes
ID,Drought,1977-05-05,1977,5,No,Yes
MO,Tornado,1977-05-07,1977,5,No,Yes
GA,Winter,1977-06-02,1977,6,No,No
NV,Drought,1977-06-11,1977,6,No,Yes
VI,Drought,1977-06-14,1977,6,No,Yes
WY,Drought,1977-06-15,1977,6,No,Yes
GA,Drought,1977-07-20,1977,7,No,Yes
AL,Drought,1977-07-20,1977,7,No,Yes
PA,Flood,1977-07-21,1977,7,No,Yes
VA,Drought,1977-07-23,1977,7,No,Yes
SC,Drought,1977-08-04,1977,8,No,Yes
NC,Drought,1977-08-11,1977,8,No,Yes
MT,Drought,1977-08-22,1977,8,No,Yes
WV,Drought,1977-08-24,1977,8,No,Yes
WV,Flood,1977-08-24,1977,8,No,No
VT,Drought,1977-09-06,1977,9,No,Yes
MO,Flood,1977-09-14,1977,9,No,Yes
KS,Flood,1977-09-20,1977,9,No,Yes
WI,Storm,1977-10-03,1977,10,No,Yes
AZ,Flood,1977-11-04,1977,11,No,Yes
GA,Flood,1977-11-07,1977,11,No,Yes
NC,Flood,1977-11-09,1977,11,No,Yes
VA,Flood,1977-11-12,1977,11,No,Yes
TN,Flood,1977-11-12,1977,11,No,Yes
WA,Flood,1977-12-10,1977,12,No,Yes
AR,Tornado,1978-01-20,1978,1,No,No
OH,Snow,1978-01-26,1978,1,No,Yes
IN,Snow,1978-01-27,1978,1,No,Yes
MI,Snow,1978-01-27,1978,1,No,Yes
RI,Snow,1978-02-07,1978,2,No,Yes
MA,Snow,1978-02-07,1978,2,No,Yes
CT,Snow,1978-02-07,1978,2,No,Yes
MA,Flood,1978-02-10,1978,2,No,Yes
CA,Flood,1978-02-15,1978,2,No,Yes
RI,Snow,1978-02-16,1978,2,No,No
NH,Flood,1978-02-16,1978,2,No,Yes
ND,Snow,1978-02-16,1978,2,No,Yes
ME,Flood,1978-02-17,1978,2,No,Yes
AZ,Flood,1978-03-04,1978,3,No,Yes
NE,Flood,1978-03-24,1978,3,No,Yes
IN,Flood,1978-03-29,1978,3,No,Yes
ND,Flood,1978-04-17,1978,4,No,Yes
MN,Flood,1978-04-22,1978,4,No,Yes
AR,Tornado,1978-04-22,1978,4,No,Yes
MS,Tornado,1978-04-24,1978,4,No,No
AL,Tornado,1978-04-24,1978,4,No,No
LA,Flood,1978-05-09,1978,5,No,Yes
WY,Flood,1978-05-29,1978,5,No,Yes
MT,Flood,1978-05-29,1978,5,No,Yes
WI,Storm,1978-07-07,1978,7,No,Yes
ND,Tornado,1978-07-07,1978,7,No,Yes
MN,Storm,1978-07-08,1978,7,No,Yes
TX,Flood,1978-08-03,1978,8,No,Yes
NY,Chemical,1978-08-07,1978,8,No,Yes
AL,Flood,1978-08-09,1978,8,No,Yes
MP,Flood,1978-08-18,1978,8,No,Yes
AR,Flood,1978-09-15,1978,9,No,Yes
LA,Flood,1978-09-20,1978,9,No,Yes
CA,Flood,1978-10-09,1978,10,No,Yes
CA,Fire,1978-10-29,1978,10,No,No
LA,Tornado,1978-12-06,1978,12,No,Yes
KY,Flood,1978-12-12,1978,12,No,Yes
WV,Flood,1978-12-14,1978,12,No,Yes
AZ,Flood,1978-12-21,1978,12,No,Yes
IL,Snow,1979-01-16,1979,1,No,Yes
WI,Snow,1979-01-19,1979,1,No,Yes
NM,Flood,1979-01-29,1979,1,No,Yes
MH,Typhoon,1979-02-12,1979,2,No,Yes
PW,Typhoon,1979-02-12,1979,2,No,Yes
HI,Flood,1979-03-07,1979,3,No,Yes
WA,Flood,1979-03-12,1979,3,No,No
MO,Flood,1979-03-12,1979,3,No,No
GA,Flood,1979-03-13,1979,3,No,No
NH,Flood,1979-03-15,1979,3,No,No
AL,Flood,1979-03-17,1979,3,No,Yes
FL,Flood,1979-03-24,1979,3,No,Yes
IA,Tornado,1979-04-06,1979,4,No,No
AR,Tornado,1979-04-11,1979,4,No,Yes
TX,Tornado,1979-04-11,1979,4,No,Yes
OK,Tornado,1979-04-13,1979,4,No,Yes
MS,Storm,1979-04-14,1979,4,No,Yes
MS,Storm,1979-04-16,1979,4,No,Yes
AL,Flood,1979-04-18,1979,4,No,Yes
MO,Tornado,1979-04-21,1979,4,No,Yes
TX,Storm,1979-04-26,1979,4,No,Yes
ND,Flood,1979-04-26,1979,4,No,Yes
MN,Flood,1979-04-30,1979,4,No,Yes
IL,Flood,1979-04-30,1979,4,No,Yes
LA,Flood,1979-05-02,1979,5,No,Yes
TN,Storm,1979-05-07,1979,5,No,Yes
FL,Storm,1979-05-15,1979,5,No,No
TX,Flood,1979-06-14,1979,6,No,No
KS,Flood,1979-06-15,1979,6,No,Yes
NM,Flood,1979-06-23,1979,6,No,Yes
IA,Tornado,1979-07-01,1979,7,No,Yes
WY,Tornado,1979-07-19,1979,7,No,Yes
KY,Flood,1979-07-19,1979,7,No,Yes
VA,Flood,1979-07-20,1979,7,No,Yes
CA,Flood,1979-07-27,1979,7,No,Yes
TX,Flood,1979-07-28,1979,7,No,Yes
IN,Flood,1979-07-31,1979,7,No,Yes
PR,Hurricane,1979-09-02,1979,9,No,Yes
AL,Hurricane,1979-09-13,1979,9,No,Yes
MS,Hurricane,1979-09-13,1979,9,No,Yes
FL,Hurricane,1979-09-13,1979,9,No,Yes
MD,Storm,1979-09-14,1979,9,No,Yes
VI,Hurricane,1979-09-16,1979,9,No,Yes
TX,Flood,1979-09-25,1979,9,No,Yes
LA,Flood,1979-09-25,1979,9,No,No
NC,Flood,1979-09-29,1979,9,No,Yes
VA,Flood,1979-09-29,1979,9,No,Yes
FL,Flood,1979-09-29,1979,9,No,No
CT,Tornado,1979-10-04,1979,10,No,No
CA,Earthquake,1979-10-19,1979,10,No,Yes
AS,Flood,1979-11-09,1979,11,No,Yes
FM,Flood,1979-12-01,1979,12,No,Yes
WA,Flood,1979-12-31,1979,12,No,No
CA,Storm,1980-02-01,1980,2,No,Yes
HI,Flood,1980-02-06,1980,2,No,Yes
AZ,Flood,1980-02-19,1980,2,No,Yes
CA,Flood,1980-02-21,1980,2,No,Yes
LA,Flood,1980-04-09,1980,4,No,No
AR,Tornado,1980-04-16,1980,4,No,No
MS,Storm,1980-04-19,1980,4,No,Yes
AL,Storm,1980-04-20,1980,4,No,Yes
FL,Human Cause,1980-05-06,1980,5,No,Yes
MO,Tornado,1980-05-15,1980,5,No,No
MI,Tornado,1980-05-16,1980,5,No,Yes
LA,Flood,1980-05-21,1980,5,No,No
WA,Volcano,1980-05-21,1980,5,No,Yes
NY,Chemical,1980-05-21,1980,5,No,Yes
ID,Volcano,1980-05-22,1980,5,No,Yes
NE,Tornado,1980-06-04,1980,6,No,Yes
PA,Tornado,1980-06-13,1980,6,No,No
WI,Flood,1980-07-24,1980,7,No,Yes
TX,Hurricane,1980-08-11,1980,8,No,Yes
WV,Flood,1980-08-15,1980,8,No,Yes
PA,Flood,1980-08-19,1980,8,No,Yes
OH,Flood,1980-08-23,1980,8,No,Yes
MI,Flood,1980-09-08,1980,9,No,Yes
ME,Water,1980-09-20,1980,9,No,No
TX,Flood,1980-09-26,1980,9,No,Yes
CA,Flood,1980-10-02,1980,10,No,Yes
NJ,Drought,1980-10-19,1980,10,No,Yes
MP,Typhoon,1980-11-27,1980,11,No,Yes
CA,Fire,1980-11-27,1980,11,No,Yes
KY,Chemical,1981-03-17,1981,3,No,Yes
AS,Typhoon,1981-03-24,1981,3,No,Yes
AL,Storm,1981-04-10,1981,4,No,Yes
AL,Flood,1981-05-14,1981,5,No,Yes
MT,Flood,1981-05-27,1981,5,No,Yes
PA,Flood,1981-06-15,1981,6,No,Yes
OH,Storm,1981-06-30,1981,6,No,Yes
IL,Storm,1981-06-30,1981,6,No,Yes
KS,Storm,1981-07-18,1981,7,No,No
NV,Flood,1981-08-28,1981,8,No,No
TX,Flood,1981-09-21,1981,9,No,Yes
FM,Fire,1981-09-29,1981,9,No,Yes
TX,Flood,1981-10-23,1981,10,No,Yes
OK,Flood,1981-11-04,1981,11,No,Yes
MA,Fire,1981-12-03,1981,12,No,Yes
CA,Flood,1982-01-07,1982,1,No,Yes
IN,Flood,1982-03-20,1982,3,No,Yes
OH,Flood,1982-03-26,1982,3,No,Yes
MI,Flood,1982-03-29,1982,3,No,No
TX,Tornado,1982-04-08,1982,4,No,Yes
MS,Tornado,1982-04-10,1982,4,No,No
HI,Flood,1982-04-22,1982,4,No,Yes
AR,Tornado,1982-04-23,1982,4,No,No
CA,Fire,1982-04-24,1982,4,No,No
ND,Flood,1982-05-11,1982,5,No,Yes
TX,Flood,1982-05-25,1982,5,No,No
IL,Tornado,1982-06-05,1982,6,No,Yes
CT,Flood,1982-06-14,1982,6,No,Yes
OK,Flood,1982-06-18,1982,6,No,Yes
KS,Flood,1982-06-28,1982,6,No,Yes
FL,Flood,1982-07-07,1982,7,No,Yes
CO,Flood,1982-07-22,1982,7,No,Yes
WA,Flood,1982-08-19,1982,8,No,Yes
TN,Flood,1982-08-24,1982,8,No,Yes
MO,Flood,1982-08-26,1982,8,No,Yes
TN,Flood,1982-09-22,1982,9,No,No
CA,Flood,1982-09-24,1982,9,No,Yes
KY,Flood,1982-09-29,1982,9,No,No
HI,Typhoon,1982-11-27,1982,11,No,Yes
MO,Flood,1982-12-10,1982,12,No,Yes
AR,Storm,1982-12-13,1982,12,No,Yes
IL,Storm,1982-12-13,1982,12,No,Yes
LA,Flood,1983-01-11,1983,1,No,Yes
WA,Flood,1983-01-27,1983,1,No,Yes
CA,Storm,1983-02-09,1983,2,No,Yes
MS,Storm,1983-04-16,1983,4,No,Yes
LA,Flood,1983-04-20,1983,4,No,Yes
UT,Flood,1983-04-30,1983,4,No,Yes
VI,Flood,1983-04-30,1983,4,No,Yes
CA,Earthquake,1983-05-05,1983,5,No,Yes
MS,Storm,1983-06-01,1983,6,No,Yes
IL,Storm,1983-06-06,1983,6,No,Yes
OK,Flood,1983-06-10,1983,6,No,Yes
AZ,Flood,1983-07-01,1983,7,No,Yes
CA,Flood,1983-07-01,1983,7,No,Yes
AR,Flood,1983-08-01,1983,8,No,Yes
TX,Hurricane,1983-08-19,1983,8,No,Yes
CA,Flood,1983-09-22,1983,9,No,Yes
AZ,Flood,1983-10-05,1983,10,No,Yes
NM,Flood,1983-10-24,1983,10,No,Yes
OK,Flood,1983-10-26,1983,10,No,Yes
ID,Earthquake,1983-11-18,1983,11,No,Yes
AL,Storm,1983-12-13,1983,12,No,No
MS,Flood,1983-12-21,1983,12,No,No
TX,Winter,1984-01-07,1984,1,No,No
ID,Snow,1984-02-16,1984,2,No,Yes
FL,Winter,1984-03-29,1984,3,No,No
NC,Tornado,1984-03-30,1984,3,No,Yes
SC,Tornado,1984-03-30,1984,3,No,Yes
NJ,Flood,1984-04-12,1984,4,No,Yes
NY,Flood,1984-04-17,1984,4,No,Yes
MS,Tornado,1984-04-26,1984,4,No,Yes
OK,Tornado,1984-05-03,1984,5,No,Yes
AL,Tornado,1984-05-11,1984,5,No,No
GA,Tornado,1984-05-11,1984,5,No,No
KY,Storm,1984-05-15,1984,5,No,Yes
WV,Flood,1984-05-15,1984,5,No,Yes
LA,Tornado,1984-05-15,1984,5,No,No
VA,Flood,1984-05-23,1984,5,No,Yes
TN,Flood,1984-05-25,1984,5,No,Yes
OK,Flood,1984-05-31,1984,5,No,Yes
WI,Tornado,1984-06-12,1984,6,No,Yes
CT,Flood,1984-06-18,1984,6,No,Yes
VT,Flood,1984-06-18,1984,6,No,Yes
MO,Flood,1984-06-21,1984,6,No,Yes
KS,Storm,1984-06-22,1984,6,No,Yes
IA,Storm,1984-06-27,1984,6,No,Yes
NE,Tornado,1984-07-03,1984,7,No,Yes
WI,Flood,1984-07-10,1984,7,No,Yes
SD,Flood,1984-07-19,1984,7,No,Yes
NE,Tornado,1984-07-19,1984,7,No,Yes
CO,Flood,1984-07-27,1984,7,No,Yes
UT,Flood,1984-08-17,1984,8,No,Yes
PA,Flood,1984-08-27,1984,8,No,Yes
NM,Flood,1984-09-06,1984,9,No,Yes
NV,Flood,1984-09-06,1984,9,No,Yes
NC,Hurricane,1984-09-21,1984,9,No,Yes
NY,Flood,1984-09-25,1984,9,No,Yes
TX,Flood,1984-10-02,1984,10,No,Yes
TX,Flood,1984-10-30,1984,10,No,No
LA,Flood,1984-10-31,1984,10,No,No
VI,Hurricane,1984-12-10,1984,12,No,Yes
AZ,Storm,1985-01-15,1985,1,No,Yes
NM,Flood,1985-01-18,1985,1,No,Yes
FL,Winter,1985-03-18,1985,3,No,No
NY,Flood,1985-03-20,1985,3,No,Yes
NY,Snow,1985-03-22,1985,3,No,Yes
IL,Flood,1985-03-29,1985,3,No,Yes
PR,Flood,1985-05-31,1985,5,No,Yes
PA,Tornado,1985-06-03,1985,6,No,Yes
OH,Tornado,1985-06-03,1985,6,No,Yes
CA,Fire,1985-07-18,1985,7,No,Yes
WY,Flood,1985-08-07,1985,8,No,Yes
MS,Hurricane,1985-09-04,1985,9,No,Yes
AL,Hurricane,1985-09-07,1985,9,No,Yes
FL,Hurricane,1985-09-12,1985,9,No,Yes
MI,Flood,1985-09-18,1985,9,No,Yes
PA,Hurricane,1985-10-08,1985,10,No,Yes
PR,Flood,1985-10-10,1985,10,No,Yes
CT,Hurricane,1985-10-11,1985,10,No,Yes
RI,Hurricane,1985-10-15,1985,10,No,Yes
NJ,Hurricane,1985-10-15,1985,10,No,Yes
NY,Hurricane,1985-10-18,1985,10,No,Yes
MA,Hurricane,1985-10-28,1985,10,No,Yes
LA,Hurricane,1985-11-01,1985,11,No,Yes
WV,Flood,1985-11-07,1985,11,No,Yes
PA,Flood,1985-11-09,1985,11,No,Yes
VA,Flood,1985-11-09,1985,11,No,Yes
FL,Hurricane,1985-12-03,1985,12,No,Yes
WA,Flood,1986-02-15,1986,2,No,Yes
CA,Flood,1986-02-21,1986,2,No,Yes
NV,Flood,1986-02-28,1986,2,No,Yes
UT,Flood,1986-03-13,1986,3,No,Yes
MT,Flood,1986-03-15,1986,3,No,Yes
WA,Flood,1986-03-19,1986,3,No,No
TX,Tornado,1986-04-23,1986,4,No,No
SD,Flood,1986-05-03,1986,5,No,Yes
FM,Typhoon,1986-06-03,1986,6,No,Yes
PA,Flood,1986-06-05,1986,6,No,No
IN,Tornado,1986-06-05,1986,6,No,Yes
PR,Flood,1986-07-10,1986,7,No,Yes
WA,Flood,1986-07-26,1986,7,No,Yes
WI,Flood,1986-08-14,1986,8,No,Yes
NH,Flood,1986-08-27,1986,8,No,Yes
TX,Tornado,1986-09-10,1986,9,No,Yes
MD,Flood,1986-09-10,1986,9,No,Yes
MI,Flood,1986-09-18,1986,9,No,Yes
WI,Flood,1986-10-07,1986,10,No,No
IL,Flood,1986-10-07,1986,10,No,Yes
MT,Flood,1986-10-14,1986,10,No,Yes
OK,Flood,1986-10-14,1986,10,No,Yes
MO,Flood,1986-10-14,1986,10,No,Yes
KS,Flood,1986-10-22,1986,10,No,Yes
AK,Flood,1986-10-27,1986,10,No,Yes
MP,Typhoon,1986-12-10,1986,12,No,Yes
WA,Flood,1986-12-15,1986,12,No,Yes
AS,Hurricane,1987-01-24,1987,1,No,Yes
FM,Typhoon,1987-02-02,1987,2,No,Yes
MS,Storm,1987-03-05,1987,3,No,Yes
ME,Flood,1987-04-09,1987,4,No,Yes
NH,Flood,1987-04-16,1987,4,No,Yes
MA,Flood,1987-04-18,1987,4,No,Yes
MH,Fire,1987-04-27,1987,4,No,Yes
NY,Flood,1987-05-15,1987,5,No,Yes
TX,Tornado,1987-05-26,1987,5,No,No
OK,Flood,1987-07-09,1987,7,No,Yes
IA,Flood,1987-07-17,1987,7,No,Yes
OH,Flood,1987-07-17,1987,7,No,No
MN,Storm,1987-08-06,1987,8,No,Yes
IL,Flood,1987-08-21,1987,8,No,Yes
WY,Chemical,1987-09-04,1987,9,No,No
CA,Earthquake,1987-10-07,1987,10,No,Yes
MP,Typhoon,1987-11-03,1987,11,No,Yes
NY,Snow,1987-11-10,1987,11,No,Yes
TX,Tornado,1987-11-20,1987,11,No,No
FM,Typhoon,1987-11-25,1987,11,No,Yes
LA,Tornado,1987-11-30,1987,11,No,No
PR,Flood,1987-12-17,1987,12,No,Yes
AR,Tornado,1987-12-17,1987,12,No,Yes
AR,Flood,1987-12-31,1987,12,No,No
HI,Flood,1988-01-08,1988,1,No,Yes
MH,Typhoon,1988-01-16,1988,1,No,Yes
GU,Typhoon,1988-01-20,1988,1,No,Yes
MP,Typhoon,1988-01-20,1988,1,No,Yes
CA,Flood,1988-02-05,1988,2,No,Yes
AK,Fire,1988-03-11,1988,3,No,Yes
IA,Tornado,1988-07-28,1988,7,No,Yes
CA,Fire,1988-09-29,1988,9,No,No
TX,Hurricane,1988-10-05,1988,10,No,No
AR,Tornado,1988-11-23,1988,11,No,No
NC,Tornado,1988-12-02,1988,12,No,No
IL,Tornado,1989-01-13,1989,1,No,Yes
UT,Flood,1989-01-31,1989,1,No,Yes
KY,Flood,1989-02-24,1989,2,No,Yes
WA,Flood,1989-04-14,1989,4,No,Yes
TX,Flood,1989-04-23,1989,4,No,Yes
MN,Flood,1989-05-08,1989,5,No,Yes
ND,Flood,1989-05-08,1989,5,No,Yes
AK,Winter,1989-05-10,1989,5,No,Yes
NC,Tornado,1989-05-17,1989,5,No,Yes
TX,Storm,1989-05-19,1989,5,No,Yes
LA,Flood,1989-05-20,1989,5,No,Yes
ME,Flood,1989-06-07,1989,6,No,Yes
OH,Flood,1989-06-10,1989,6,No,No
AK,Flood,1989-06-10,1989,6,No,Yes
LA,Tornado,1989-06-16,1989,6,No,No
KY,Flood,1989-06-30,1989,6,No,Yes
LA,Flood,1989-07-17,1989,7,No,Yes
CT,Tornado,1989-07-17,1989,7,No,Yes
TX,Flood,1989-07-18,1989,7,No,Yes
DC,Storm,1989-08-28,1989,8,No,Yes
MD,Storm,1989-08-28,1989,8,No,Yes
VT,Flood,1989-09-11,1989,9,No,Yes
VI,Hurricane,1989-09-20,1989,9,No,Yes
PR,Hurricane,1989-09-21,1989,9,No,Yes
SC,Hurricane,1989-09-22,1989,9,No,Yes
NC,Hurricane,1989-09-25,1989,9,No,Yes
CA,Earthquake,1989-10-18,1989,10,No,Yes
KY,Flood,1989-10-30,1989,10,No,Yes
VA,Flood,1989-11-08,1989,11,No,Yes
AL,Tornado,1989-11-17,1989,11,No,Yes
LA,Flood,1989-11-22,1989,11,No,No
TX,Winter,1990-01-09,1990,1,No,No
FL,Winter,1990-01-15,1990,1,No,No
WA,Flood,1990-01-18,1990,1,No,Yes
OR,Flood,1990-01-24,1990,1,No,Yes
MP,Typhoon,1990-02-05,1990,2,No,Yes
AS,Hurricane,1990-02-09,1990,2,No,Yes
AL,Storm,1990-02-17,1990,2,No,Yes
GA,Storm,1990-02-23,1990,2,No,Yes
TN,Flood,1990-02-27,1990,2,No,Yes
MS,Storm,1990-02-28,1990,2,No,Yes
IL,Ice,1990-03-06,1990,3,No,Yes
AL,Storm,1990-03-21,1990,3,No,Yes
FL,Flood,1990-04-03,1990,4,No,No
TX,Storm,1990-05-02,1990,5,No,Yes
AR,Flood,1990-05-15,1990,5,No,Yes
HI,Volcano,1990-05-18,1990,5,No,Yes
OK,Storm,1990-05-18,1990,5,No,Yes
MO,Flood,1990-05-24,1990,5,No,Yes
IA,Flood,1990-05-26,1990,5,No,Yes
IN,Storm,1990-06-04,1990,6,No,Yes
OH,Storm,1990-06-06,1990,6,No,Yes
IL,Storm,1990-06-22,1990,6,No,Yes
CA,Fire,1990-06-30,1990,6,No,Yes
NE,Storm,1990-07-04,1990,7,No,Yes
WI,Storm,1990-07-13,1990,7,No,Yes
VT,Flood,1990-07-25,1990,7,No,Yes
NH,Flood,1990-08-29,1990,8,No,Yes
IL,Tornado,1990-08-29,1990,8,No,Yes
WI,Flood,1990-08-30,1990,8,No,No
IA,Flood,1990-09-06,1990,9,No,Yes
GA,Flood,1990-10-19,1990,10,No,Yes
SC,Flood,1990-10-22,1990,10,No,Yes
WA,Flood,1990-11-26,1990,11,No,Yes
PW,Typhoon,1990-11-28,1990,11,No,Yes
AZ,Flood,1990-12-06,1990,12,No,Yes
IN,Flood,1990-12-06,1990,12,No,Yes
FM,Typhoon,1990-12-14,1990,12,No,Yes
GU,Typhoon,1990-12-24,1990,12,No,Yes
MS,Storm,1991-01-03,1991,1,No,No
TN,Flood,1991-01-04,1991,1,No,Yes
AL,Flood,1991-01-04,1991,1,No,Yes
IN,Flood,1991-01-05,1991,1,No,Yes
FM,Typhoon,1991-01-17,1991,1,No,Yes
KY,Flood,1991-01-29,1991,1,No,Yes
CA,Winter,1991-02-11,1991,2,No,No
MS,Flood,1991-03-05,1991,3,No,Yes
WA,Flood,1991-03-08,1991,3,No,Yes
GA,Flood,1991-03-15,1991,3,No,Yes
NY,Snow,1991-03-21,1991,3,No,Yes
IN,Ice,1991-03-29,1991,3,No,Yes
TX,Storm,1991-04-12,1991,4,No,Yes
ME,Snow,1991-04-19,1991,4,No,Yes
LA,Flood,1991-04-23,1991,4,No,Yes
KS,Tornado,1991-04-29,1991,4,No,Yes
LA,Storm,1991-05-03,1991,5,No,Yes
OK,Tornado,1991-05-08,1991,5,No,Yes
MS,Storm,1991-05-17,1991,5,No,Yes
NE,Flood,1991-05-28,1991,5,No,Yes
AR,Flood,1991-05-30,1991,5,No,Yes
AK,Snow,1991-05-30,1991,5,No,Yes
TN,Flood,1991-06-21,1991,6,No,Yes
IA,Flood,1991-07-12,1991,7,No,Yes
WI,Storm,1991-08-06,1991,8,No,Yes
RI,Hurricane,1991-08-26,1991,8,No,Yes
MA,Hurricane,1991-08-26,1991,8,No,Yes
ME,Hurricane,1991-08-28,1991,8,No,Yes
CT,Hurricane,1991-08-30,1991,8,No,Yes
NH,Hurricane,1991-09-09,1991,9,No,Yes
NY,Hurricane,1991-09-16,1991,9,No,Yes
CA,Fire,1991-10-22,1991,10,No,Yes
MA,Storm,1991-11-04,1991,11,No,Yes
ME,Storm,1991-11-07,1991,11,No,Yes
WA,Fire,1991-11-13,1991,11,No,Yes
NH,Storm,1991-11-13,1991,11,No,Yes
GU,Typhoon,1991-12-04,1991,12,No,Yes
MH,Typhoon,1991-12-06,1991,12,No,Yes
FM,Typhoon,1991-12-10,1991,12,No,Yes
AS,Hurricane,1991-12-13,1991,12,No,Yes
IA,Ice,1991-12-26,1991,12,No,Yes
MN,Ice,1991-12-26,1991,12,No,Yes
TX,Flood,1991-12-26,1991,12,No,Yes
PR,Flood,1992-01-22,1992,1,No,Yes
DE,Flood,1992-02-06,1992,2,No,Yes
MH,Flood,1992-02-07,1992,2,No,Yes
FM,Typhoon,1992-02-07,1992,2,No,Yes
CA,Flood,1992-02-25,1992,2,No,Yes
NJ,Storm,1992-03-03,1992,3,No,Yes
VT,Flood,1992-03-18,1992,3,No,Yes
TX,Flood,1992-03-20,1992,3,No,No
MS,Tornado,1992-03-20,1992,3,No,Yes
ME,Flood,1992-03-27,1992,3,No,Yes
IL,Flood,1992-04-15,1992,4,No,Yes
CA,Fire,1992-05-02,1992,5,No,Yes
CA,Earthquake,1992-05-04,1992,5,No,Yes
VA,Flood,1992-05-19,1992,5,No,Yes
FM,Drought,1992-05-20,1992,5,No,Yes
NM,Flood,1992-06-18,1992,6,No,Yes
MN,Storm,1992-06-26,1992,6,No,Yes
CA,Earthquake,1992-07-02,1992,7,No,Yes
SD,Storm,1992-07-02,1992,7,No,Yes
TX,Tornado,1992-07-02,1992,7,No,No
AR,Storm,1992-07-24,1992,7,No,Yes
OH,Storm,1992-08-04,1992,8,No,Yes
FL,Flood,1992-08-14,1992,8,No,Yes
IN,Flood,1992-08-17,1992,8,No,Yes
NE,Flood,1992-08-19,1992,8,No,Yes
FL,Hurricane,1992-08-24,1992,8,No,Yes
LA,Hurricane,1992-08-26,1992,8,No,Yes
GU,Typhoon,1992-08-28,1992,8,No,Yes
CA,Fire,1992-08-29,1992,8,No,Yes
WI,Tornado,1992-09-02,1992,9,No,Yes
TX,Storm,1992-09-09,1992,9,No,No
HI,Hurricane,1992-09-12,1992,9,No,Yes
RI,Chemical,1992-09-16,1992,9,No,Yes
IN,Storm,1992-09-18,1992,9,No,Yes
WI,Tornado,1992-09-18,1992,9,No,Yes
WI,Flood,1992-09-30,1992,9,No,Yes
IA,Flood,1992-10-02,1992,10,No,Yes
FL,Storm,1992-10-08,1992,10,No,Yes
MS,Tornado,1992-10-17,1992,10,No,Yes
MS,Tornado,1992-11-25,1992,11,No,Yes
GA,Tornado,1992-12-01,1992,12,No,Yes
TX,Tornado,1992-12-04,1992,12,No,No
MH,Typhoon,1992-12-16,1992,12,No,Yes
CT,Flood,1992-12-17,1992,12,No,Yes
NJ,Flood,1992-12-18,1992,12,No,Yes
NY,Flood,1992-12-21,1992,12,No,Yes
MA,Storm,1992-12-21,1992,12,No,Yes
DE,Storm,1993-01-15,1993,1,No,Yes
AZ,Flood,1993-01-19,1993,1,No,Yes
LA,Flood,1993-02-02,1993,2,No,No
CA,Flood,1993-02-03,1993,2,No,Yes
GA,Tornado,1993-03-04,1993,3,No,Yes
WA,Storm,1993-03-04,1993,3,No,Yes
FL,Tornado,1993-03-13,1993,3,No,Yes
TN,Snow,1993-03-14,1993,3,No,Yes
AL,Snow,1993-03-15,1993,3,No,Yes
GA,Snow,1993-03-15,1993,3,No,Yes
ME,Snow,1993-03-15,1993,3,No,Yes
CT,Snow,1993-03-16,1993,3,No,Yes
MD,Snow,1993-03-16,1993,3,No,Yes
NH,Snow,1993-03-16,1993,3,No,Yes
RI,Snow,1993-03-16,1993,3,No,Yes
MA,Snow,1993-03-16,1993,3,No,Yes
KY,Snow,1993-03-16,1993,3,No,Yes
PA,Snow,1993-03-16,1993,3,No,Yes
NJ,Snow,1993-03-17,1993,3,No,Yes
NY,Snow,1993-03-17,1993,3,No,Yes
DC,Snow,1993-03-17,1993,3,No,Yes
WV,Snow,1993-03-17,1993,3,No,Yes
NC,Snow,1993-03-17,1993,3,No,Yes
DE,Snow,1993-03-18,1993,3,No,Yes
VA,Snow,1993-03-25,1993,3,No,Yes
NE,Flood,1993-04-02,1993,4,No,Yes
NY,Human Cause,1993-04-02,1993,4,No,Yes
OR,Earthquake,1993-04-26,1993,4,No,Yes
IA,Flood,1993-04-26,1993,4,No,Yes
OK,Tornado,1993-04-26,1993,4,No,No
ME,Flood,1993-05-11,1993,5,No,Yes
MO,Flood,1993-05-11,1993,5,No,No
VT,Flood,1993-05-12,1993,5,No,Yes
OK,Storm,1993-05-12,1993,5,No,Yes
NM,Flood,1993-06-07,1993,6,No,Yes
MN,Storm,1993-06-11,1993,6,No,Yes
WI,Storm,1993-07-02,1993,7,No,Yes
MO,Flood,1993-07-09,1993,7,No,Yes
IA,Flood,1993-07-09,1993,7,No,Yes
IL,Flood,1993-07-09,1993,7,No,Yes
NE,Flood,1993-07-19,1993,7,No,Yes
SD,Storm,1993-07-19,1993,7,No,Yes
KS,Flood,1993-07-22,1993,7,No,Yes
ND,Flood,1993-07-26,1993,7,No,Yes
IN,Storm,1993-09-09,1993,9,No,No
NC,Hurricane,1993-09-10,1993,9,No,Yes
TX,Drought,1993-09-10,1993,9,No,Yes
OR,Earthquake,1993-10-15,1993,10,No,Yes
CA,Fire,1993-10-28,1993,10,No,Yes
MO,Storm,1993-12-01,1993,12,No,Yes
VA,Storm,1993-12-22,1993,12,No,No
CA,Earthquake,1994-01-17,1994,1,No,Yes
MS,Storm,1994-02-18,1994,2,No,Yes
TN,Storm,1994-02-28,1994,2,No,Yes
AR,Snow,1994-02-28,1994,2,No,Yes
LA,Storm,1994-02-28,1994,2,No,Yes
AL,Storm,1994-03-03,1994,3,No,Yes
VA,Snow,1994-03-10,1994,3,No,Yes
PA,Storm,1994-03-10,1994,3,No,Yes
MD,Snow,1994-03-16,1994,3,No,Yes
DE,Storm,1994-03-16,1994,3,No,Yes
KY,Snow,1994-03-16,1994,3,No,Yes
AL,Storm,1994-03-30,1994,3,No,Yes
GA,Tornado,1994-03-31,1994,3,No,Yes
VA,Storm,1994-04-11,1994,4,No,Yes
TN,Flood,1994-04-14,1994,4,No,Yes
MO,Storm,1994-04-21,1994,4,No,No
OK,Storm,1994-04-21,1994,4,No,No
IL,Storm,1994-04-26,1994,4,No,Yes
TX,Storm,1994-04-29,1994,4,No,No
NE,Snow,1994-05-09,1994,5,No,Yes
MI,Winter,1994-05-10,1994,5,No,Yes
ME,Flood,1994-05-13,1994,5,No,No
DC,Storm,1994-06-17,1994,6,No,Yes
SD,Storm,1994-06-21,1994,6,No,Yes
ND,Storm,1994-07-01,1994,7,No,Yes
GA,Tornado,1994-07-07,1994,7,No,Yes
AL,Storm,1994-07-08,1994,7,No,Yes
FL,Flood,1994-07-08,1994,7,No,Yes
FL,Storm,1994-07-10,1994,7,No,Yes
OR,Water,1994-08-02,1994,8,No,No
WA,Water,1994-08-02,1994,8,No,No
CA,Water,1994-09-13,1994,9,No,No
AK,Storm,1994-09-13,1994,9,No,Yes
MH,Storm,1994-10-06,1994,10,No,Yes
TX,Flood,1994-10-18,1994,10,No,Yes
GA,Storm,1994-10-19,1994,10,No,Yes
FL,Storm,1994-11-28,1994,11,No,No
CA,Storm,1995-01-10,1995,1,No,Yes
CA,Storm,1995-03-12,1995,3,No,Yes
SD,Snow,1995-03-14,1995,3,No,Yes
AL,Storm,1995-04-21,1995,4,No,Yes
OK,Human Cause,1995-04-26,1995,4,No,Yes
LA,Storm,1995-05-10,1995,5,No,Yes
MS,Storm,1995-05-12,1995,5,No,No
ND,Storm,1995-05-16,1995,5,No,Yes
SD,Flood,1995-05-26,1995,5,No,Yes
IL,Storm,1995-05-30,1995,5,No,Yes
MO,Storm,1995-06-02,1995,6,No,Yes
KY,Tornado,1995-06-13,1995,6,No,Yes
TX,Storm,1995-06-13,1995,6,No,No
TN,Tornado,1995-06-14,1995,6,No,Yes
OK,Tornado,1995-06-26,1995,6,No,Yes
VA,Storm,1995-07-01,1995,7,No,Yes
WV,Storm,1995-07-12,1995,7,No,Yes
OR,Flood,1995-08-03,1995,8,No,Yes
FL,Hurricane,1995-08-03,1995,8,No,Yes
FL,Hurricane,1995-08-10,1995,8,No,Yes
VT,Storm,1995-08-16,1995,8,No,Yes
MN,Storm,1995-08-18,1995,8,No,Yes
OH,Storm,1995-08-25,1995,8,No,No
OK,Storm,1995-09-01,1995,9,No,Yes
VI,Hurricane,1995-09-16,1995,9,No,Yes
PR,Hurricane,1995-09-16,1995,9,No,Yes
FL,Hurricane,1995-10-04,1995,10,No,Yes
AL,Hurricane,1995-10-04,1995,10,No,Yes
GA,Hurricane,1995-10-10,1995,10,No,Yes
AK,Flood,1995-10-13,1995,10,No,Yes
NC,Flood,1995-10-23,1995,10,No,Yes
FL,Flood,1995-10-27,1995,10,No,Yes
GA,Storm,1995-12-20,1995,12,No,No
NH,Flood,1996-01-03,1996,1,No,Yes
WA,Storm,1996-01-03,1996,1,No,Yes
SD,Snow,1996-01-05,1996,1,No,Yes
MN,Snow,1996-01-05,1996,1,No,Yes
DC,Storm,1996-01-11,1996,1,No,Yes
MD,Snow,1996-01-11,1996,1,No,Yes
DE,Snow,1996-01-12,1996,1,No,Yes
NY,Snow,1996-01-12,1996,1,No,Yes
WV,Snow,1996-01-13,1996,1,No,Yes
PA,Snow,1996-01-13,1996,1,No,Yes
VA,Snow,1996-01-13,1996,1,No,Yes
NC,Snow,1996-01-13,1996,1,No,Yes
NJ,Snow,1996-01-13,1996,1,No,Yes
KY,Snow,1996-01-13,1996,1,No,Yes
PA,Flood,1996-01-21,1996,1,No,Yes
MD,Flood,1996-01-23,1996,1,No,Yes
MA,Snow,1996-01-24,1996,1,No,Yes
RI,Snow,1996-01-24,1996,1,No,Yes
CT,Snow,1996-01-24,1996,1,No,Yes
NY,Flood,1996-01-24,1996,1,No,Yes
WV,Flood,1996-01-25,1996,1,No,Yes
OH,Flood,1996-01-27,1996,1,No,Yes
VA,Flood,1996-01-27,1996,1,No,Yes
OR,Flood,1996-02-09,1996,2,No,Yes
WA,Flood,1996-02-09,1996,2,No,Yes
ID,Storm,1996-02-11,1996,2,No,Yes
VT,Flood,1996-02-13,1996,2,No,Yes
NC,Snow,1996-02-23,1996,2,No,Yes
AL,Storm,1996-02-23,1996,2,No,Yes
MT,Storm,1996-02-23,1996,2,No,Yes
TX,Fire,1996-02-23,1996,2,No,Yes
OK,Fire,1996-02-27,1996,2,No,Yes
ME,Storm,1996-03-13,1996,3,No,Yes
OR,Storm,1996-03-19,1996,3,No,Yes
AL,Storm,1996-03-20,1996,3,No,No
IN,Flood,1996-04-02,1996,4,No,Yes
AR,Storm,1996-04-23,1996,4,No,Yes
IL,Storm,1996-04-23,1996,4,No,Yes
IL,Storm,1996-05-06,1996,5,No,Yes
MT,Storm,1996-05-16,1996,5,No,Yes
ME,Storm,1996-05-20,1996,5,No,Yes
WV,Flood,1996-05-23,1996,5,No,Yes
MN,Flood,1996-06-01,1996,6,No,Yes
KY,Storm,1996-06-01,1996,6,No,Yes
ND,Storm,1996-06-05,1996,6,No,Yes
AK,Fire,1996-06-07,1996,6,No,No
PA,Flood,1996-06-18,1996,6,No,Yes
IA,Storm,1996-06-24,1996,6,No,Yes
OH,Flood,1996-06-24,1996,6,No,Yes
NE,Storm,1996-06-25,1996,6,No,Yes
VT,Flood,1996-06-27,1996,6,No,Yes
IN,Storm,1996-07-03,1996,7,No,Yes
VI,Hurricane,1996-07-11,1996,7,No,Yes
NC,Hurricane,1996-07-18,1996,7,No,Yes
MI,Storm,1996-07-23,1996,7,No,Yes
IL,Storm,1996-07-25,1996,7,No,Yes
PA,Flood,1996-07-26,1996,7,No,Yes
WI,Flood,1996-08-02,1996,8,No,Yes
WV,Fire,1996-08-14,1996,8,No,Yes
IA,Storm,1996-08-21,1996,8,No,Yes
NC,Hurricane,1996-09-06,1996,9,No,Yes
VA,Hurricane,1996-09-06,1996,9,No,Yes
PR,Hurricane,1996-09-11,1996,9,No,Yes
WV,Storm,1996-09-11,1996,9,No,Yes
PA,Flood,1996-09-13,1996,9,No,Yes
MD,Hurricane,1996-09-17,1996,9,No,No
SC,Flood,1996-09-30,1996,9,No,Yes
FL,Storm,1996-10-15,1996,10,No,No
MA,Flood,1996-10-23,1996,10,No,Yes
CA,Fire,1996-10-23,1996,10,No,Yes
ME,Storm,1996-10-24,1996,10,No,Yes
MA,Flood,1996-10-25,1996,10,No,Yes
ME,Flood,1996-10-28,1996,10,No,Yes
NH,Flood,1996-10-29,1996,10,No,Yes
HI,Storm,1996-11-18,1996,11,No,Yes
NJ,Storm,1996-11-19,1996,11,No,No
NY,Storm,1996-11-19,1996,11,No,Yes
RI,Other,1996-11-19,1996,11,No,Yes
PR,Other,1996-11-21,1996,11,No,Yes
HI,Flood,1996-11-26,1996,11,No,Yes
NY,Storm,1996-12-09,1996,12,No,Yes
OR,Flood,1996-12-23,1996,12,No,Yes
PA,Flood,1996-12-23,1996,12,No,Yes
NV,Storm,1997-01-03,1997,1,No,Yes
ID,Storm,1997-01-04,1997,1,No,Yes
CA,Storm,1997-01-04,1997,1,No,Yes
MN,Storm,1997-01-07,1997,1,No,Yes
WA,Ice,1997-01-07,1997,1,No,Yes
SD,Storm,1997-01-10,1997,1,No,Yes
ND,Storm,1997-01-12,1997,1,No,Yes
MN,Storm,1997-01-16,1997,1,No,Yes
WA,Storm,1997-01-17,1997,1,No,Yes
OR,Storm,1997-01-23,1997,1,No,Yes
SD,Storm,1997-02-28,1997,2,No,Yes
AR,Storm,1997-03-02,1997,3,No,Yes
KY,Storm,1997-03-04,1997,3,No,Yes
OH,Storm,1997-03-04,1997,3,No,Yes
IN,Storm,1997-03-06,1997,3,No,Yes
TN,Tornado,1997-03-07,1997,3,No,Yes
WV,Flood,1997-03-07,1997,3,No,Yes
FM,Typhoon,1997-03-11,1997,3,No,Yes
LA,Storm,1997-03-18,1997,3,No,Yes
IL,Storm,1997-03-21,1997,3,No,Yes
TN,Storm,1997-04-02,1997,4,No,Yes
WA,Flood,1997-04-02,1997,4,No,Yes
SD,Flood,1997-04-07,1997,4,No,Yes
ND,Flood,1997-04-07,1997,4,No,Yes
MN,Flood,1997-04-08,1997,4,No,Yes
AR,Flood,1997-04-14,1997,4,No,Yes
ID,Storm,1997-06-13,1997,6,No,Yes
MS,Flood,1997-06-13,1997,6,No,No
TX,Flood,1997-07-07,1997,7,No,Yes
WI,Storm,1997-07-07,1997,7,No,Yes
MI,Storm,1997-07-11,1997,7,No,Yes
WA,Flood,1997-07-21,1997,7,No,No
MT,Storm,1997-07-25,1997,7,No,Yes
VT,Flood,1997-07-25,1997,7,No,Yes
AL,Storm,1997-07-25,1997,7,No,Yes
CO,Flood,1997-08-01,1997,8,No,Yes
MN,Storm,1997-08-25,1997,8,No,Yes
IL,Storm,1997-09-17,1997,9,No,No
NJ,Storm,1997-09-23,1997,9,No,Yes
NE,Storm,1997-11-01,1997,11,No,Yes
IA,Snow,1997-11-20,1997,11,No,Yes
MP,Typhoon,1997-12-08,1997,12,No,Yes
GU,Typhoon,1997-12-17,1997,12,No,Yes
MP,Typhoon,1997-12-24,1997,12,No,Yes
FL,Storm,1998-01-06,1998,1,No,Yes
NY,Snow,1998-01-06,1998,1,No,Yes
TN,Storm,1998-01-13,1998,1,No,Yes
ME,Storm,1998-01-13,1998,1,No,Yes
NH,Storm,1998-01-15,1998,1,No,Yes
NC,Storm,1998-01-15,1998,1,No,Yes
VT,Storm,1998-01-15,1998,1,No,Yes
NM,Storm,1998-01-29,1998,1,No,Yes
CA,Storm,1998-02-09,1998,2,No,Yes
FL,Storm,1998-02-12,1998,2,No,Yes
DE,Storm,1998-02-13,1998,2,No,Yes
HI,Fire,1998-02-18,1998,2,No,Yes
NJ,Storm,1998-03-03,1998,3,No,Yes
KY,Storm,1998-03-03,1998,3,No,Yes
AL,Storm,1998-03-09,1998,3,No,Yes
GA,Storm,1998-03-11,1998,3,No,Yes
MH,Drought,1998-03-20,1998,3,No,Yes
NC,Storm,1998-03-22,1998,3,No,Yes
MN,Tornado,1998-04-01,1998,4,No,Yes
FM,Drought,1998-04-03,1998,4,No,Yes
AL,Storm,1998-04-09,1998,4,No,Yes
TN,Storm,1998-04-20,1998,4,No,Yes
AR,Tornado,1998-04-22,1998,4,No,No
KY,Storm,1998-04-29,1998,4,No,Yes
IN,Storm,1998-05-08,1998,5,No,Yes
SD,Flood,1998-06-01,1998,6,No,Yes
PA,Storm,1998-06-08,1998,6,No,No
KS,Other,1998-06-09,1998,6,No,Yes
OR,Flood,1998-06-12,1998,6,No,Yes
ND,Flood,1998-06-15,1998,6,No,Yes
NY,Storm,1998-06-16,1998,6,No,Yes
FL,Fire,1998-06-18,1998,6,No,Yes
MA,Flood,1998-06-23,1998,6,No,No
MN,Tornado,1998-06-23,1998,6,No,Yes
TX,Fire,1998-06-23,1998,6,No,Yes
MI,Storm,1998-06-24,1998,6,No,Yes
OH,Storm,1998-06-30,1998,6,No,Yes
VT,Storm,1998-06-30,1998,6,No,Yes
WV,Storm,1998-07-01,1998,7,No,Yes
IA,Flood,1998-07-02,1998,7,No,Yes
NH,Storm,1998-07-02,1998,7,No,Yes
ME,Storm,1998-07-02,1998,7,No,Yes
NM,Fire,1998-07-02,1998,7,No,Yes
NY,Storm,1998-07-07,1998,7,No,Yes
IN,Storm,1998-07-22,1998,7,No,Yes
TN,Storm,1998-07-23,1998,7,No,Yes
WI,Storm,1998-07-24,1998,7,No,Yes
WA,Fire,1998-07-28,1998,7,No,Yes
MI,Storm,1998-08-05,1998,8,No,Yes
WI,Storm,1998-08-12,1998,8,No,Yes
TX,Storm,1998-08-26,1998,8,No,Yes
NC,Hurricane,1998-08-27,1998,8,No,Yes
VA,Hurricane,1998-09-04,1998,9,No,Yes
FL,Hurricane,1998-09-04,1998,9,No,Yes
SC,Hurricane,1998-09-04,1998,9,No,Yes
NY,Storm,1998-09-11,1998,9,No,Yes
VI,Hurricane,1998-09-21,1998,9,No,Yes
PR,Hurricane,1998-09-21,1998,9,No,Yes
LA,Hurricane,1998-09-23,1998,9,No,Yes
TX,Storm,1998-09-23,1998,9,No,Yes
VI,Hurricane,1998-09-24,1998,9,No,Yes
PR,Hurricane,1998-09-24,1998,9,No,Yes
FL,Hurricane,1998-09-25,1998,9,No,Yes
FL,Hurricane,1998-09-28,1998,9,No,Yes
MS,Hurricane,1998-09-28,1998,9,No,Yes
AL,Hurricane,1998-09-28,1998,9,No,Yes
AL,Hurricane,1998-09-30,1998,9,No,Yes
MS,Hurricane,1998-10-01,1998,10,No,Yes
WA,Storm,1998-10-05,1998,10,No,Yes
KS,Storm,1998-10-14,1998,10,No,Yes
MO,Storm,1998-10-14,1998,10,No,Yes
WA,Mud/Landslide,1998-10-16,1998,10,No,Yes
MO,Storm,1998-10-19,1998,10,No,No
TX,Flood,1998-10-21,1998,10,No,Yes
KS,Storm,1998-11-05,1998,11,No,Yes
FL,Storm,1998-11-06,1998,11,No,Yes
IL,Snow,1999-01-08,1999,1,No,Yes
AL,Storm,1999-01-15,1999,1,No,Yes
TN,Storm,1999-01-15,1999,1,No,Yes
NY,Snow,1999-01-15,1999,1,No,Yes
IN,Snow,1999-01-15,1999,1,No,Yes
TN,Storm,1999-01-19,1999,1,No,Yes
ME,Storm,1999-01-21,1999,1,No,Yes
LA,Storm,1999-01-21,1999,1,No,Yes
AR,Storm,1999-01-23,1999,1,No,Yes
MS,Ice,1999-01-25,1999,1,No,Yes
MI,Snow,1999-01-27,1999,1,No,Yes
CA,Winter,1999-02-09,1999,2,No,No
WY,Ice,1999-02-17,1999,2,No,Yes
TX,Fire,1999-03-02,1999,3,No,Yes
NY,Snow,1999-03-10,1999,3,No,Yes
LA,Storm,1999-04-09,1999,4,No,Yes
TN,Fire,1999-04-13,1999,4,No,Yes
FL,Fire,1999-04-15,1999,4,No,Yes
FL,Fire,1999-04-17,1999,4,No,Yes
FL,Fire,1999-04-18,1999,4,No,Yes
FL,Fire,1999-04-19,1999,4,No,Yes
MO,Storm,1999-04-20,1999,4,No,No
GA,Storm,1999-04-20,1999,4,No,Yes
FL,Fire,1999-04-20,1999,4,No,Yes
FL,Fire,1999-04-21,1999,4,No,Yes
FL,Fire,1999-04-23,1999,4,No,Yes
FL,Fire,1999-04-27,1999,4,No,Yes
KS,Tornado,1999-05-04,1999,5,No,Yes
OK,Tornado,1999-05-04,1999,5,No,Yes
MI,Fire,1999-05-06,1999,5,No,Yes
TX,Tornado,1999-05-06,1999,5,No,Yes
TN,Storm,1999-05-12,1999,5,No,Yes
FL,Fire,1999-05-14,1999,5,No,Yes
CO,Storm,1999-05-17,1999,5,No,Yes
IA,Storm,1999-05-21,1999,5,No,Yes
IL,Storm,1999-05-28,1999,5,No,Yes
ND,Flood,1999-06-08,1999,6,No,Yes
SD,Tornado,1999-06-09,1999,6,No,Yes
AZ,Fire,1999-06-12,1999,6,No,Yes
NV,Fire,1999-07-03,1999,7,No,Yes
NV,Storm,1999-07-20,1999,7,No,Yes
IA,Storm,1999-07-22,1999,7,No,Yes
MT,Fire,1999-07-26,1999,7,No,Yes
MN,Storm,1999-07-28,1999,7,No,Yes
NY,Fire,1999-08-09,1999,8,No,Yes
UT,Tornado,1999-08-16,1999,8,No,Yes
WI,Flood,1999-08-16,1999,8,No,Yes
NE,Storm,1999-08-20,1999,8,No,Yes
TX,Fire,1999-08-21,1999,8,No,Yes
TX,Hurricane,1999-08-22,1999,8,No,Yes
TX,Fire,1999-08-26,1999,8,No,Yes
MN,Ice,1999-08-26,1999,8,No,Yes
TX,Fire,1999-08-31,1999,8,No,Yes
TX,Fire,1999-09-01,1999,9,No,Yes
CA,Fire,1999-09-01,1999,9,No,Yes
NC,Hurricane,1999-09-01,1999,9,No,Yes
PA,Storm,1999-09-01,1999,9,No,Yes
VA,Hurricane,1999-09-06,1999,9,No,No
NC,Hurricane,1999-09-09,1999,9,No,No
FL,Hurricane,1999-09-14,1999,9,No,Yes
GA,Hurricane,1999-09-14,1999,9,No,Yes
SC,Hurricane,1999-09-15,1999,9,No,Yes
NC,Hurricane,1999-09-15,1999,9,No,Yes
TX,Fire,1999-09-16,1999,9,No,Yes
NC,Hurricane,1999-09-16,1999,9,No,Yes
VA,Hurricane,1999-09-16,1999,9,No,Yes
NJ,Hurricane,1999-09-17,1999,9,No,Yes
PA,Hurricane,1999-09-18,1999,9,No,Yes
AL,Fire,1999-09-18,1999,9,No,Yes
NJ,Hurricane,1999-09-18,1999,9,No,Yes
VA,Hurricane,1999-09-18,1999,9,No,Yes
NY,Hurricane,1999-09-18,1999,9,No,Yes
NY,Hurricane,1999-09-19,1999,9,No,Yes
TX,Fire,1999-09-19,1999,9,No,Yes
SC,Hurricane,1999-09-21,1999,9,No,Yes
DE,Hurricane,1999-09-21,1999,9,No,Yes
PA,Flood,1999-09-22,1999,9,No,No
FL,Hurricane,1999-09-22,1999,9,No,Yes
NM,Storm,1999-09-22,1999,9,No,Yes
CT,Hurricane,1999-09-23,1999,9,No,Yes
MD,Hurricane,1999-09-24,1999,9,No,Yes
AL,Fire,1999-09-24,1999,9,No,Yes
AZ,Storm,1999-10-15,1999,10,No,No
FL,Hurricane,1999-10-15,1999,10,No,Yes
NH,Hurricane,1999-10-18,1999,10,No,Yes
FL,Hurricane,1999-10-20,1999,10,No,Yes
TX,Fire,1999-10-26,1999,10,No,Yes
VT,Storm,1999-11-10,1999,11,No,Yes
PR,Hurricane,1999-11-17,1999,11,No,Yes
VI,Hurricane,1999-11-17,1999,11,No,Yes
ME,Hurricane,1999-11-18,1999,11,No,Yes
KY,Fire,1999-11-20,1999,11,No,Yes
TX,Fire,1999-11-22,1999,11,No,Yes
VI,Hurricane,1999-11-23,1999,11,No,Yes
MA,Fire,1999-12-06,1999,12,No,Yes
TX,Fire,2000-01-03,2000,1,No,Yes
TX,Fire,2000-01-04,2000,1,No,Yes
TX,Fire,2000-01-05,2000,1,No,Yes
KY,Tornado,2000-01-10,2000,1,No,Yes
NV,Fire,2000-01-13,2000,1,No,Yes
GA,Storm,2000-01-28,2000,1,No,Yes
SC,Storm,2000-01-31,2000,1,No,Yes
NC,Storm,2000-01-31,2000,1,No,Yes
LA,Snow,2000-02-15,2000,2,No,Yes
GA,Storm,2000-02-15,2000,2,No,Yes
AK,Storm,2000-02-17,2000,2,No,Yes
AL,Storm,2000-02-18,2000,2,No,Yes
KY,Storm,2000-02-28,2000,2,No,Yes
WV,Flood,2000-02-28,2000,2,No,Yes
VA,Storm,2000-02-28,2000,2,No,Yes
WA,Fire,2000-02-29,2000,2,No,Yes
OH,Storm,2000-03-07,2000,3,No,No
MO,Fire,2000-03-09,2000,3,No,Yes
AL,Storm,2000-03-17,2000,3,No,No
HI,Fire,2000-03-20,2000,3,No,Yes
TX,Tornado,2000-04-07,2000,4,No,Yes
MD,Storm,2000-04-10,2000,4,No,Yes
DC,Storm,2000-04-10,2000,4,No,Yes
FL,Fire,2000-04-11,2000,4,No,Yes
NM,Fire,2000-04-20,2000,4,No,Yes
ME,Storm,2000-04-28,2000,4,No,Yes
KS,Storm,2000-05-03,2000,5,No,Yes
NM,Fire,2000-05-08,2000,5,No,Yes
NM,Fire,2000-05-10,2000,5,No,Yes
MO,Flood,2000-05-12,2000,5,No,Yes
NM,Fire,2000-05-13,2000,5,No,Yes
NM,Fire,2000-05-14,2000,5,No,Yes
FL,Fire,2000-05-16,2000,5,No,Yes
FL,Fire,2000-05-19,2000,5,No,Yes
SD,Storm,2000-05-19,2000,5,No,Yes
FL,Fire,2000-05-20,2000,5,No,Yes
FL,Fire,2000-05-28,2000,5,No,Yes
FL,Fire,2000-05-29,2000,5,No,Yes
NM,Fire,2000-05-30,2000,5,No,Yes
FL,Fire,2000-06-02,2000,6,No,Yes
FL,Fire,2000-06-05,2000,6,No,Yes
FL,Fire,2000-06-09,2000,6,No,Yes
CO,Fire,2000-06-12,2000,6,No,Yes
TN,Storm,2000-06-12,2000,6,No,Yes
NM,Fire,2000-06-15,2000,6,No,Yes
WI,Storm,2000-06-24,2000,6,No,Yes
ND,Storm,2000-06-27,2000,6,No,Yes
MN,Storm,2000-06-27,2000,6,No,Yes
NV,Fire,2000-06-30,2000,6,No,Yes
NY,Storm,2000-07-21,2000,7,No,Yes
WA,Fire,2000-07-22,2000,7,No,Yes
MT,Fire,2000-07-24,2000,7,No,Yes
VT,Storm,2000-07-27,2000,7,No,Yes
WY,Fire,2000-07-31,2000,7,No,Yes
NV,Fire,2000-08-01,2000,8,No,Yes
MT,Fire,2000-08-05,2000,8,No,Yes
MT,Fire,2000-08-08,2000,8,No,Yes
SD,Fire,2000-08-13,2000,8,No,Yes
MT,Fire,2000-08-14,2000,8,No,Yes
MT,Fire,2000-08-16,2000,8,No,Yes
DC,Storm,2000-08-17,2000,8,No,Yes
NJ,Storm,2000-08-17,2000,8,No,Yes
OH,Storm,2000-08-21,2000,8,No,No
TX,Fire,2000-08-23,2000,8,No,Yes
SD,Fire,2000-08-25,2000,8,No,Yes
WA,Fire,2000-08-25,2000,8,No,Yes
TX,Fire,2000-08-26,2000,8,No,Yes
MT,Fire,2000-08-28,2000,8,No,Yes
MT,Fire,2000-08-30,2000,8,No,No
TX,Fire,2000-08-31,2000,8,No,Yes
ID,Fire,2000-09-01,2000,9,No,No
TX,Fire,2000-09-03,2000,9,No,Yes
TX,Fire,2000-09-04,2000,9,No,Yes
TX,Fire,2000-09-05,2000,9,No,Yes
TX,Fire,2000-09-07,2000,9,No,Yes
TX,Fire,2000-09-08,2000,9,No,Yes
TX,Fire,2000-09-10,2000,9,No,Yes
LA,Fire,2000-09-11,2000,9,No,Yes
CA,Earthquake,2000-09-14,2000,9,No,No
CO,Fire,2000-09-16,2000,9,No,Yes
AL,Fire,2000-09-17,2000,9,No,Yes
TX,Fire,2000-09-18,2000,9,No,Yes
OK,Fire,2000-09-19,2000,9,No,Yes
OK,Fire,2000-09-21,2000,9,No,Yes
OH,Storm,2000-09-26,2000,9,No,Yes
FL,Storm,2000-10-03,2000,10,No,Yes
TX,Fire,2000-10-03,2000,10,No,Yes
FL,Storm,2000-10-04,2000,10,No,Yes
NY,Other,2000-10-11,2000,10,No,Yes
MI,Storm,2000-10-17,2000,10,No,No
MN,Fire,2000-10-20,2000,10,No,Yes
AZ,Storm,2000-10-27,2000,10,No,Yes
NJ,Other,2000-11-01,2000,11,No,Yes
TN,Fire,2000-11-02,2000,11,No,Yes
TN,Fire,2000-11-03,2000,11,No,Yes
KY,Fire,2000-11-04,2000,11,No,Yes
HI,Storm,2000-11-09,2000,11,No,Yes
OK,Storm,2000-11-27,2000,11,No,Yes
NY,Snow,2000-12-04,2000,12,No,Yes
MT,Storm,2000-12-06,2000,12,No,Yes
WY,Storm,2000-12-13,2000,12,No,Yes
AL,Storm,2000-12-18,2000,12,No,Yes
OK,Ice,2000-12-28,2000,12,No,Yes
AR,Ice,2000-12-28,2000,12,No,Yes
ND,Tornado,2000-12-29,2000,12,No,Yes
AR,Ice,2000-12-29,2000,12,No,Yes
OK,Ice,2001-01-05,2001,1,No,Yes
TX,Fire,2001-01-05,2001,1,No,Yes
TX,Ice,2001-01-08,2001,1,No,Yes
MI,Snow,2001-01-10,2001,1,No,Yes
LA,Ice,2001-01-12,2001,1,No,Yes
IL,Snow,2001-01-17,2001,1,No,Yes
VT,Storm,2001-01-18,2001,1,No,Yes
IN,Snow,2001-01-24,2001,1,No,Yes
WI,Snow,2001-01-24,2001,1,No,Yes
FL,Winter,2001-02-05,2001,2,No,No
FL,Fire,2001-02-19,2001,2,No,Yes
MS,Storm,2001-02-23,2001,2,No,Yes
WA,Earthquake,2001-03-01,2001,3,No,Yes
AL,Storm,2001-03-05,2001,3,No,Yes
AR,Storm,2001-03-13,2001,3,No,Yes
FL,Fire,2001-03-18,2001,3,No,Yes
ME,Snow,2001-03-20,2001,3,No,Yes
NH,Snow,2001-03-28,2001,3,No,Yes
MA,Snow,2001-03-28,2001,3,No,Yes
MA,Storm,2001-04-10,2001,4,No,No
VT,Snow,2001-04-10,2001,4,No,Yes
FL,Fire,2001-04-17,2001,4,No,Yes
MS,Storm,2001-04-17,2001,4,No,Yes
FL,Fire,2001-04-18,2001,4,No,Yes
FL,Fire,2001-04-25,2001,4,No,Yes
KS,Storm,2001-04-27,2001,4,No,Yes
IA,Storm,2001-05-02,2001,5,No,Yes
IL,Flood,2001-05-09,2001,5,No,Yes
WI,Flood,2001-05-11,2001,5,No,Yes
FL,Fire,2001-05-15,2001,5,No,Yes
MN,Flood,2001-05-16,2001,5,No,Yes
NE,Storm,2001-05-16,2001,5,No,Yes
FL,Fire,2001-05-16,2001,5,No,Yes
ME,Storm,2001-05-16,2001,5,No,Yes
PR,Storm,2001-05-16,2001,5,No,Yes
CO,Storm,2001-05-17,2001,5,No,Yes
SD,Flood,2001-05-17,2001,5,No,Yes
FL,Fire,2001-05-23,2001,5,No,Yes
GA,Fire,2001-05-23,2001,5,No,Yes
ND,Flood,2001-05-28,2001,5,No,Yes
MT,Storm,2001-05-28,2001,5,No,Yes
NM,Fire,2001-06-03,2001,6,No,Yes
WV,Storm,2001-06-03,2001,6,No,Yes
TX,Storm,2001-06-09,2001,6,No,Yes
LA,Storm,2001-06-11,2001,6,No,Yes
FL,Storm,2001-06-17,2001,6,No,Yes
MS,Storm,2001-06-21,2001,6,No,Yes
PA,Storm,2001-06-21,2001,6,No,Yes
OK,Storm,2001-06-29,2001,6,No,Yes
AK,Fire,2001-06-30,2001,6,No,Yes
NV,Fire,2001-07-05,2001,7,No,Yes
MT,Storm,2001-07-07,2001,7,No,Yes
VA,Storm,2001-07-12,2001,7,No,Yes
WY,Fire,2001-07-26,2001,7,No,Yes
WA,Fire,2001-07-28,2001,7,No,Yes
WY,Fire,2001-08-01,2001,8,No,Yes
SD,Fire,2001-08-01,2001,8,No,Yes
NV,Fire,2001-08-09,2001,8,No,Yes
WA,Fire,2001-08-14,2001,8,No,Yes
OR,Fire,2001-08-15,2001,8,No,Yes
TN,Storm,2001-08-15,2001,8,No,Yes
KY,Storm,2001-08-15,2001,8,No,Yes
WA,Fire,2001-08-16,2001,8,No,Yes
DC,Storm,2001-08-16,2001,8,No,Yes
OR,Fire,2001-08-17,2001,8,No,Yes
WA,Fire,2001-08-17,2001,8,No,Yes
UT,Fire,2001-08-19,2001,8,No,Yes
OH,Storm,2001-08-27,2001,8,No,Yes
WY,Fire,2001-09-06,2001,9,No,Yes
NY,Fire,2001-09-11,2001,9,No,Yes
VA,Fire,2001-09-12,2001,9,No,Yes
NJ,Fire,2001-09-19,2001,9,No,Yes
VA,Terrorism,2001-09-21,2001,9,No,Yes
FL,Storm,2001-09-28,2001,9,No,Yes
NE,Storm,2001-10-12,2001,10,No,Yes
OK,Storm,2001-10-25,2001,10,No,Yes
CO,Fire,2001-11-01,2001,11,No,Yes
KY,Fire,2001-11-02,2001,11,No,Yes
TN,Fire,2001-11-03,2001,11,No,Yes
SC,Fire,2001-11-09,2001,11,No,Yes
TN,Fire,2001-11-14,2001,11,No,Yes
WV,Fire,2001-11-16,2001,11,No,Yes
VA,Fire,2001-11-16,2001,11,No,Yes
AL,Fire,2001-11-20,2001,11,No,Yes
VA,Fire,2001-11-20,2001,11,No,Yes
PR,Storm,2001-11-28,2001,11,No,Yes
GU,Earthquake,2001-12-05,2001,12,No,Yes
MS,Storm,2001-12-07,2001,12,No,Yes
AL,Storm,2001-12-07,2001,12,No,Yes
NY,Snow,2001-12-31,2001,12,No,Yes
AR,Storm,2002-01-24,2002,1,No,Yes
OK,Ice,2002-02-01,2002,2,No,Yes
KS,Ice,2002-02-06,2002,2,No,Yes
MO,Ice,2002-02-06,2002,2,No,Yes
CA,Fire,2002-02-11,2002,2,No,Yes
VA,Fire,2002-02-28,2002,2,No,Yes
NY,Snow,2002-03-01,2002,3,No,Yes
OR,Storm,2002-03-12,2002,3,No,Yes
NM,Fire,2002-03-23,2002,3,No,Yes
VA,Storm,2002-04-02,2002,4,No,Yes
KY,Storm,2002-04-04,2002,4,No,Yes
TN,Storm,2002-04-05,2002,4,No,Yes
CO,Fire,2002-04-23,2002,4,No,Yes
AZ,Fire,2002-04-30,2002,4,No,Yes
MD,Tornado,2002-05-01,2002,5,No,Yes
NM,Fire,2002-05-01,2002,5,No,Yes
CO,Fire,2002-05-01,2002,5,No,Yes
CO,Fire,2002-05-05,2002,5,No,Yes
WV,Storm,2002-05-05,2002,5,No,Yes
VA,Storm,2002-05-05,2002,5,No,Yes
MI,Flood,2002-05-06,2002,5,No,Yes
MO,Storm,2002-05-06,2002,5,No,Yes
KY,Storm,2002-05-07,2002,5,No,Yes
NM,Fire,2002-05-07,2002,5,No,Yes
CA,Fire,2002-05-14,2002,5,No,Yes
AZ,Fire,2002-05-15,2002,5,No,Yes
NY,Earthquake,2002-05-16,2002,5,No,No
IL,Tornado,2002-05-21,2002,5,No,Yes
NM,Fire,2002-05-23,2002,5,No,Yes
CO,Fire,2002-05-23,2002,5,No,Yes
FM,Typhoon,2002-05-29,2002,5,No,Yes
MN,Fire,2002-06-01,2002,6,No,Yes
NJ,Fire,2002-06-02,2002,6,No,Yes
CO,Fire,2002-06-02,2002,6,No,Yes
CO,Fire,2002-06-03,2002,6,No,Yes
NM,Fire,2002-06-04,2002,6,No,Yes
CA,Fire,2002-06-06,2002,6,No,Yes
NM,Fire,2002-06-06,2002,6,No,Yes
CO,Fire,2002-06-07,2002,6,No,Yes
CO,Fire,2002-06-08,2002,6,No,Yes
CO,Fire,2002-06-09,2002,6,No,Yes
NV,Fire,2002-06-09,2002,6,No,Yes
CO,Fire,2002-06-10,2002,6,No,Yes
CO,Fire,2002-06-11,2002,6,No,Yes
NM,Fire,2002-06-13,2002,6,No,Yes
IN,Storm,2002-06-13,2002,6,No,Yes
MN,Storm,2002-06-14,2002,6,No,Yes
CA,Fire,2002-06-17,2002,6,No,Yes
SC,Fire,2002-06-18,2002,6,No,Yes
WY,Fire,2002-06-18,2002,6,No,Yes
AZ,Fire,2002-06-19,2002,6,No,Yes
CO,Fire,2002-06-19,2002,6,No,Yes
IA,Flood,2002-06-19,2002,6,No,Yes
AZ,Fire,2002-06-21,2002,6,No,Yes
CO,Fire,2002-06-23,2002,6,No,Yes
CO,Fire,2002-06-25,2002,6,No,Yes
AZ,Fire,2002-06-25,2002,6,No,Yes
AK,Flood,2002-06-26,2002,6,No,Yes
CA,Fire,2002-06-27,2002,6,No,Yes
ND,Fire,2002-06-29,2002,6,No,Yes
SD,Fire,2002-06-29,2002,6,No,Yes
WY,Fire,2002-07-01,2002,7,No,Yes
UT,Fire,2002-07-01,2002,7,No,Yes
NV,Fire,2002-07-03,2002,7,No,Yes
MT,Storm,2002-07-03,2002,7,No,Yes
TX,Flood,2002-07-04,2002,7,No,Yes
GU,Typhoon,2002-07-06,2002,7,No,Yes
FM,Typhoon,2002-07-11,2002,7,No,Yes
VT,Storm,2002-07-12,2002,7,No,Yes
AZ,Fire,2002-07-14,2002,7,No,Yes
CO,Fire,2002-07-15,2002,7,No,Yes
NV,Fire,2002-07-15,2002,7,No,Yes
OR,Fire,2002-07-16,2002,7,No,Yes
NV,Fire,2002-07-17,2002,7,No,Yes
OR,Fire,2002-07-17,2002,7,No,Yes
CO,Fire,2002-07-18,2002,7,No,Yes
WI,Storm,2002-07-19,2002,7,No,Yes
OR,Fire,2002-07-19,2002,7,No,Yes
WA,Fire,2002-07-20,2002,7,No,Yes
CA,Fire,2002-07-22,2002,7,No,Yes
WA,Fire,2002-07-25,2002,7,No,Yes
OR,Fire,2002-07-26,2002,7,No,Yes
OR,Fire,2002-07-28,2002,7,No,Yes
OR,Fire,2002-07-29,2002,7,No,Yes
CA,Fire,2002-07-30,2002,7,No,Yes
CO,Fire,2002-07-31,2002,7,No,Yes
MP,Typhoon,2002-08-06,2002,8,No,Yes
SD,Fire,2002-08-18,2002,8,No,Yes
NM,Fire,2002-08-26,2002,8,No,Yes
WY,Fire,2002-08-31,2002,8,No,Yes
CA,Fire,2002-09-04,2002,9,No,Yes
WI,Tornado,2002-09-10,2002,9,No,Yes
ND,Storm,2002-09-10,2002,9,No,Yes
CA,Fire,2002-09-19,2002,9,No,Yes
CA,Fire,2002-09-24,2002,9,No,Yes
CA,Fire,2002-09-25,2002,9,No,Yes
IN,Storm,2002-09-25,2002,9,No,Yes
TX,Storm,2002-09-26,2002,9,No,No
LA,Hurricane,2002-09-27,2002,9,No,Yes
MS,Hurricane,2002-10-01,2002,10,No,Yes
LA,Hurricane,2002-10-03,2002,10,No,Yes
AL,Hurricane,2002-10-09,2002,10,No,Yes
TX,Storm,2002-11-05,2002,11,Yes,No
AK,Earthquake,2002-11-08,2002,11,Yes,Yes
TN,Storm,2002-11-13,2002,11,Yes,Yes
AL,Storm,2002-11-14,2002,11,Yes,Yes
MS,Storm,2002-11-14,2002,11,Yes,Yes
OH,Storm,2002-11-18,2002,11,Yes,No
AK,Storm,2002-12-04,2002,12,Yes,Yes
GU,Typhoon,2002-12-08,2002,12,Yes,Yes
MP,Typhoon,2002-12-11,2002,12,Yes,Yes
NC,Ice,2002-12-12,2002,12,No,Yes
FM,Typhoon,2003-01-06,2003,1,No,Yes
AR,Ice,2003-01-06,2003,1,No,Yes
CA,Fire,2003-01-07,2003,1,No,Yes
SC,Ice,2003-01-08,2003,1,No,Yes
LA,Other,2003-02-01,2003,2,No,Yes
TX,Other,2003-02-01,2003,2,No,Yes
OK,Ice,2003-02-04,2003,2,No,Yes
NY,Snow,2003-02-25,2003,2,No,Yes
ME,Snow,2003-03-11,2003,3,No,Yes
MA,Snow,2003-03-11,2003,3,No,Yes
CT,Snow,2003-03-11,2003,3,No,Yes
NH,Snow,2003-03-11,2003,3,No,Yes
WV,Storm,2003-03-14,2003,3,Yes,Yes
DC,Storm,2003-03-14,2003,3,No,Yes
MD,Storm,2003-03-14,2003,3,No,Yes
PA,Storm,2003-03-14,2003,3,No,Yes
OH,Storm,2003-03-14,2003,3,Yes,Yes
KY,Storm,2003-03-14,2003,3,Yes,Yes
TN,Storm,2003-03-20,2003,3,No,Yes
NJ,Snow,2003-03-20,2003,3,No,Yes
DE,Snow,2003-03-20,2003,3,No,Yes
NC,Ice,2003-03-27,2003,3,No,Yes
VA,Storm,2003-03-27,2003,3,Yes,Yes
RI,Snow,2003-03-27,2003,3,No,Yes
NY,Snow,2003-03-27,2003,3,No,Yes
CO,Snow,2003-04-09,2003,4,No,Yes
MS,Storm,2003-04-24,2003,4,Yes,Yes
FL,Storm,2003-04-25,2003,4,Yes,No
AK,Storm,2003-04-26,2003,4,Yes,Yes
KS,Storm,2003-05-06,2003,5,Yes,Yes
MO,Storm,2003-05-06,2003,5,Yes,Yes
TN,Storm,2003-05-08,2003,5,Yes,Yes
NM,Fire,2003-05-10,2003,5,No,Yes
OK,Storm,2003-05-10,2003,5,Yes,Yes
AL,Storm,2003-05-12,2003,5,Yes,Yes
NY,Ice,2003-05-12,2003,5,Yes,Yes
ME,Winter,2003-05-14,2003,5,No,Yes
IL,Storm,2003-05-15,2003,5,Yes,No
HI,Fire,2003-05-18,2003,5,No,Yes
MS,Storm,2003-05-23,2003,5,Yes,No
KY,Storm,2003-06-03,2003,6,Yes,Yes
AS,Storm,2003-06-06,2003,6,Yes,Yes
AR,Storm,2003-06-06,2003,6,Yes,Yes
NV,Fire,2003-06-17,2003,6,No,Yes
AZ,Fire,2003-06-18,2003,6,No,Yes
AZ,Fire,2003-06-21,2003,6,No,Yes
WV,Storm,2003-06-21,2003,6,Yes,Yes
NM,Fire,2003-06-25,2003,6,No,Yes
CA,Fire,2003-06-28,2003,6,No,Yes
CA,Fire,2003-06-29,2003,6,No,Yes
KY,Storm,2003-07-02,2003,7,Yes,Yes
CA,Fire,2003-07-03,2003,7,No,Yes
IN,Storm,2003-07-11,2003,7,Yes,Yes
NV,Fire,2003-07-11,2003,7,No,Yes
WA,Fire,2003-07-12,2003,7,No,Yes
AZ,Fire,2003-07-14,2003,7,No,Yes
OH,Storm,2003-07-15,2003,7,Yes,No
UT,Fire,2003-07-15,2003,7,No,Yes
NV,Fire,2003-07-15,2003,7,No,Yes
WA,Fire,2003-07-16,2003,7,No,Yes
TX,Hurricane,2003-07-17,2003,7,Yes,Yes
NE,Storm,2003-07-21,2003,7,No,Yes
OK,Fire,2003-07-22,2003,7,No,Yes
MT,Fire,2003-07-23,2003,7,No,Yes
CA,Fire,2003-07-25,2003,7,No,Yes
MT,Fire,2003-07-25,2003,7,No,Yes
CO,Fire,2003-07-25,2003,7,No,Yes
FL,Storm,2003-07-29,2003,7,No,Yes
TN,Storm,2003-07-29,2003,7,Yes,Yes
OH,Tornado,2003-08-01,2003,8,Yes,Yes
ND,Storm,2003-08-01,2003,8,No,Yes
MT,Fire,2003-08-11,2003,8,No,Yes
MT,Fire,2003-08-12,2003,8,No,Yes
CA,Fire,2003-08-19,2003,8,No,Yes
MT,Fire,2003-08-20,2003,8,No,Yes
OR,Fire,2003-08-20,2003,8,No,Yes
MT,Fire,2003-08-21,2003,8,No,Yes
NY,Other,2003-08-23,2003,8,No,Yes
PA,Storm,2003-08-23,2003,8,Yes,Yes
NY,Storm,2003-08-29,2003,8,Yes,Yes
OR,Fire,2003-09-02,2003,9,No,Yes
IN,Storm,2003-09-05,2003,9,Yes,No
WA,Fire,2003-09-06,2003,9,No,Yes
CA,Fire,2003-09-06,2003,9,No,Yes
OR,Fire,2003-09-06,2003,9,No,Yes
NH,Storm,2003-09-12,2003,9,No,Yes
VT,Storm,2003-09-12,2003,9,No,Yes
VA,Hurricane,2003-09-18,2003,9,Yes,Yes
NC,Hurricane,2003-09-18,2003,9,Yes,Yes
MD,Hurricane,2003-09-19,2003,9,Yes,Yes
DE,Hurricane,2003-09-20,2003,9,Yes,Yes
DC,Hurricane,2003-09-20,2003,9,Yes,Yes
DE,Hurricane,2003-09-23,2003,9,Yes,Yes
WV,Hurricane,2003-09-23,2003,9,No,Yes
OH,Other,2003-09-23,2003,9,No,Yes
NJ,Other,2003-09-23,2003,9,No,Yes
MI,Other,2003-09-23,2003,9,No,Yes
PA,Storm,2003-09-26,2003,9,Yes,No
NV,Fire,2003-09-29,2003,9,No,Yes
CA,Fire,2003-10-21,2003,10,No,Yes
CA,Fire,2003-10-23,2003,10,No,Yes
CA,Fire,2003-10-25,2003,10,No,Yes
CA,Fire,2003-10-26,2003,10,No,Yes
CA,Fire,2003-10-27,2003,10,Yes,Yes
CA,Fire,2003-10-28,2003,10,No,Yes
CO,Fire,2003-10-29,2003,10,No,Yes
WA,Storm,2003-11-07,2003,11,Yes,Yes
CO,Fire,2003-11-12,2003,11,No,Yes
SD,Fire,2003-11-20,2003,11,No,Yes
WY,Fire,2003-11-20,2003,11,No,Yes
WV,Storm,2003-11-21,2003,11,Yes,Yes
PR,Storm,2003-11-21,2003,11,Yes,Yes
VI,Storm,2003-12-09,2003,12,No,Yes
VA,Storm,2003-12-09,2003,12,Yes,No
FM,Typhoon,2003-12-19,2003,12,No,Yes
AS,Typhoon,2004-01-13,2004,1,Yes,Yes
CA,Earthquake,2004-01-13,2004,1,Yes,Yes
ME,Snow,2004-01-15,2004,1,No,Yes
MA,Snow,2004-01-15,2004,1,No,Yes
CT,Snow,2004-01-15,2004,1,No,Yes
NH,Snow,2004-01-15,2004,1,No,Yes
OH,Storm,2004-01-26,2004,1,Yes,Yes
ME,Snow,2004-01-26,2004,1,No,Yes
ME,Storm,2004-02-05,2004,2,No,Yes
SC,Ice,2004-02-13,2004,2,No,Yes
OR,Storm,2004-02-19,2004,2,No,Yes
NY,Snow,2004-03-03,2004,3,No,Yes
CO,Fire,2004-04-01,2004,4,No,Yes
ND,Snow,2004-04-02,2004,4,No,Yes
FM,Typhoon,2004-04-10,2004,4,Yes,Yes
MA,Flood,2004-04-21,2004,4,Yes,No
IL,Storm,2004-04-23,2004,4,Yes,Yes
CA,Fire,2004-04-26,2004,4,No,Yes
NM,Storm,2004-04-29,2004,4,No,Yes
CA,Fire,2004-05-04,2004,5,No,Yes
ND,Storm,2004-05-05,2004,5,No,Yes
AR,Storm,2004-05-07,2004,5,No,Yes
IA,Storm,2004-05-25,2004,5,Yes,Yes
NE,Storm,2004-05-25,2004,5,Yes,Yes
NM,Fire,2004-05-25,2004,5,No,Yes
IN,Storm,2004-06-03,2004,6,Yes,Yes
OH,Storm,2004-06-03,2004,6,Yes,Yes
CA,Fire,2004-06-05,2004,6,No,Yes
WV,Storm,2004-06-07,2004,6,Yes,Yes
LA,Storm,2004-06-08,2004,6,Yes,No
AZ,Fire,2004-06-09,2004,6,No,Yes
KY,Storm,2004-06-10,2004,6,Yes,Yes
MO,Storm,2004-06-11,2004,6,Yes,No
VA,Storm,2004-06-15,2004,6,Yes,No
UT,Fire,2004-06-16,2004,6,No,Yes
NM,Fire,2004-06-18,2004,6,No,Yes
WI,Storm,2004-06-18,2004,6,Yes,Yes
AZ,Fire,2004-06-28,2004,6,No,Yes
NV,Fire,2004-06-30,2004,6,No,Yes
CA,Dam/Levee Break,2004-06-30,2004,6,No,Yes
AR,Storm,2004-06-30,2004,6,No,Yes
MI,Storm,2004-06-30,2004,6,Yes,No
AK,Fire,2004-07-01,2004,7,No,Yes
CO,Fire,2004-07-03,2004,7,No,Yes
WA,Fire,2004-07-06,2004,7,No,Yes
CA,Fire,2004-07-14,2004,7,No,Yes
NV,Fire,2004-07-14,2004,7,No,Yes
NJ,Storm,2004-07-16,2004,7,Yes,Yes
CA,Fire,2004-07-18,2004,7,No,Yes
SD,Storm,2004-07-20,2004,7,No,Yes
CA,Fire,2004-07-21,2004,7,No,Yes
NV,Fire,2004-07-26,2004,7,No,Yes
MP,Typhoon,2004-07-29,2004,7,No,Yes
GU,Storm,2004-07-29,2004,7,No,Yes
WA,Fire,2004-07-30,2004,7,No,Yes
NY,Storm,2004-08-03,2004,8,No,Yes
KS,Storm,2004-08-03,2004,8,No,Yes
OR,Fire,2004-08-04,2004,8,No,Yes
WV,Storm,2004-08-06,2004,8,Yes,No
PA,Storm,2004-08-06,2004,8,Yes,No
KY,Storm,2004-08-06,2004,8,No,Yes
CA,Fire,2004-08-07,2004,8,No,Yes
CA,Fire,2004-08-08,2004,8,No,Yes
AK,Fire,2004-08-10,2004,8,No,Yes
CA,Fire,2004-08-11,2004,8,No,Yes
WA,Fire,2004-08-11,2004,8,No,Yes
WA,Fire,2004-08-12,2004,8,No,Yes
FL,Hurricane,2004-08-13,2004,8,Yes,Yes
CA,Fire,2004-08-14,2004,8,No,Yes
OR,Fire,2004-08-21,2004,8,No,Yes
NV,Fire,2004-08-25,2004,8,No,Yes
NV,Fire,2004-08-26,2004,8,No,Yes
MP,Typhoon,2004-08-26,2004,8,Yes,Yes
AK,Fire,2004-09-01,2004,9,No,Yes
IN,Storm,2004-09-01,2004,9,No,Yes
SC,Hurricane,2004-09-01,2004,9,No,Yes
CA,Fire,2004-09-02,2004,9,No,Yes
CA,Fire,2004-09-03,2004,9,No,Yes
VA,Storm,2004-09-03,2004,9,Yes,Yes
CA,Fire,2004-09-04,2004,9,No,Yes
FL,Hurricane,2004-09-04,2004,9,Yes,Yes
NC,Hurricane,2004-09-10,2004,9,Yes,Yes
CA,Fire,2004-09-13,2004,9,No,Yes
HI,Fire,2004-09-14,2004,9,No,Yes
SC,Storm,2004-09-15,2004,9,No,Yes
LA,Hurricane,2004-09-15,2004,9,Yes,Yes
AL,Hurricane,2004-09-15,2004,9,Yes,Yes
MS,Hurricane,2004-09-15,2004,9,Yes,Yes
FL,Hurricane,2004-09-16,2004,9,Yes,Yes
PR,Storm,2004-09-17,2004,9,Yes,Yes
NC,Hurricane,2004-09-18,2004,9,Yes,Yes
GA,Hurricane,2004-09-18,2004,9,Yes,Yes
PA,Storm,2004-09-19,2004,9,Yes,No
OH,Storm,2004-09-19,2004,9,Yes,Yes
PA,Hurricane,2004-09-19,2004,9,Yes,Yes
WV,Storm,2004-09-20,2004,9,Yes,Yes
VT,Storm,2004-09-23,2004,9,No,Yes
GA,Hurricane,2004-09-24,2004,9,No,Yes
FL,Hurricane,2004-09-26,2004,9,Yes,Yes
KS,Storm,2004-09-30,2004,9,No,Yes
NJ,Storm,2004-10-01,2004,10,Yes,Yes
NY,Storm,2004-10-01,2004,10,Yes,Yes
TN,Storm,2004-10-07,2004,10,No,Yes
MN,Storm,2004-10-07,2004,10,Yes,Yes
SC,Hurricane,2004-10-07,2004,10,Yes,No
VI,Hurricane,2004-10-07,2004,10,No,Yes
VA,Storm,2004-10-18,2004,10,Yes,No
AK,Storm,2004-11-15,2004,11,No,Yes
DE,Storm,2004-11-15,2004,11,No,Yes
IN,Snow,2005-01-11,2005,1,No,Yes
OH,Snow,2005-01-11,2005,1,No,Yes
IN,Storm,2005-01-21,2005,1,Yes,Yes
WV,Storm,2005-02-01,2005,2,No,Yes
HI,Storm,2005-02-01,2005,2,No,Yes
UT,Storm,2005-02-01,2005,2,No,Yes
IL,Snow,2005-02-01,2005,2,No,Yes
CA,Storm,2005-02-04,2005,2,Yes,Yes
KY,Snow,2005-02-08,2005,2,No,Yes
KS,Storm,2005-02-08,2005,2,No,Yes
OH,Storm,2005-02-15,2005,2,Yes,Yes
AZ,Storm,2005-02-17,2005,2,No,Yes
CT,Snow,2005-02-17,2005,2,No,Yes
MA,Snow,2005-02-17,2005,2,No,Yes
NV,Snow,2005-02-17,2005,2,No,Yes
RI,Snow,2005-02-17,2005,2,No,Yes
AS,Typhoon,2005-02-18,2005,2,Yes,Yes
NV,Snow,2005-02-23,2005,2,No,Yes
NV,Storm,2005-03-07,2005,3,No,Yes
AK,Storm,2005-03-14,2005,3,No,Yes
ME,Snow,2005-03-14,2005,3,No,Yes
NH,Snow,2005-03-30,2005,3,No,Yes
ME,Snow,2005-04-01,2005,4,No,Yes
AZ,Storm,2005-04-14,2005,4,No,Yes
PA,Storm,2005-04-14,2005,4,Yes,Yes
CA,Storm,2005-04-14,2005,4,No,Yes
NJ,Storm,2005-04-19,2005,4,Yes,No
NY,Storm,2005-04-19,2005,4,Yes,Yes
SD,Fire,2005-04-19,2005,4,No,Yes
ME,Snow,2005-04-21,2005,4,No,Yes
NH,Snow,2005-04-28,2005,4,No,Yes
AZ,Fire,2005-05-26,2005,5,No,Yes
AZ,Fire,2005-06-08,2005,6,No,Yes
AZ,Fire,2005-06-12,2005,6,No,Yes
AZ,Fire,2005-06-22,2005,6,No,Yes
AZ,Fire,2005-06-23,2005,6,No,Yes
NE,Storm,2005-06-23,2005,6,No,Yes
NV,Fire,2005-06-24,2005,6,No,Yes
UT,Fire,2005-06-27,2005,6,No,Yes
ME,Storm,2005-06-29,2005,6,No,Yes
ID,Flood,2005-07-06,2005,7,No,Yes
MS,Hurricane,2005-07-10,2005,7,No,Yes
FL,Hurricane,2005-07-10,2005,7,Yes,Yes
AL,Hurricane,2005-07-10,2005,7,Yes,Yes
CO,Fire,2005-07-10,2005,7,No,Yes
SD,Fire,2005-07-10,2005,7,No,Yes
SD,Fire,2005-07-16,2005,7,No,Yes
NV,Fire,2005-07-16,2005,7,No,Yes
ND,Storm,2005-07-22,2005,7,No,Yes
SD,Storm,2005-07-22,2005,7,No,Yes
AZ,Fire,2005-07-22,2005,7,No,Yes
CA,Fire,2005-07-25,2005,7,No,Yes
WA,Fire,2005-08-01,2005,8,No,Yes
UT,Flood,2005-08-01,2005,8,No,Yes
HI,Fire,2005-08-02,2005,8,No,Yes
HI,Fire,2005-08-04,2005,8,No,Yes
WA,Fire,2005-08-07,2005,8,No,Yes
HI,Fire,2005-08-15,2005,8,No,Yes
HI,Fire,2005-08-19,2005,8,No,Yes
NV,Fire,2005-08-22,2005,8,No,Yes
WY,Tornado,2005-08-22,2005,8,Yes,No
LA,Storm,2005-08-23,2005,8,No,Yes
KS,Storm,2005-08-23,2005,8,No,Yes
OR,Fire,2005-08-25,2005,8,No,Yes
CA,Fire,2005-08-26,2005,8,No,Yes
LA,Hurricane,2005-08-27,2005,8,No,Yes
AL,Hurricane,2005-08-28,2005,8,No,Yes
FL,Hurricane,2005-08-28,2005,8,No,Yes
MS,Hurricane,2005-08-28,2005,8,No,Yes
AL,Hurricane,2005-08-29,2005,8,Yes,Yes
NV,Fire,2005-08-29,2005,8,No,Yes
LA,Hurricane,2005-08-29,2005,8,Yes,Yes
MS,Hurricane,2005-08-29,2005,8,Yes,Yes
TX,Hurricane,2005-09-02,2005,9,No,Yes
AR,Hurricane,2005-09-02,2005,9,No,Yes
CA,Fire,2005-09-05,2005,9,No,Yes
TN,Hurricane,2005-09-05,2005,9,No,Yes
OK,Hurricane,2005-09-05,2005,9,No,Yes
NC,Hurricane,2005-09-05,2005,9,No,Yes
GA,Hurricane,2005-09-05,2005,9,No,Yes
FL,Hurricane,2005-09-05,2005,9,No,Yes
CO,Storm,2005-09-05,2005,9,No,Yes
WV,Hurricane,2005-09-05,2005,9,No,Yes
UT,Storm,2005-09-05,2005,9,No,Yes
DC,Hurricane,2005-09-07,2005,9,No,Yes
OR,Storm,2005-09-07,2005,9,No,Yes
IL,Hurricane,2005-09-07,2005,9,No,Yes
MI,Hurricane,2005-09-07,2005,9,No,Yes
WA,Storm,2005-09-07,2005,9,No,Yes
NM,Hurricane,2005-09-07,2005,9,No,Yes
MO,Hurricane,2005-09-10,2005,9,No,Yes
SC,Hurricane,2005-09-10,2005,9,No,Yes
SD,Storm,2005-09-10,2005,9,No,Yes
PA,Hurricane,2005-09-10,2005,9,No,Yes
IA,Hurricane,2005-09-10,2005,9,No,Yes
KY,Hurricane,2005-09-10,2005,9,No,Yes
KS,Hurricane,2005-09-10,2005,9,No,Yes
AL,Hurricane,2005-09-10,2005,9,No,Yes
IN,Hurricane,2005-09-10,2005,9,No,Yes
VA,Hurricane,2005-09-12,2005,9,No,Yes
AZ,Hurricane,2005-09-12,2005,9,No,Yes
MN,Hurricane,2005-09-13,2005,9,No,Yes
NV,Hurricane,2005-09-13,2005,9,No,Yes
ID,Hurricane,2005-09-13,2005,9,No,Yes
NE,Hurricane,2005-09-13,2005,9,No,Yes
CT,Hurricane,2005-09-13,2005,9,No,Yes
ND,Storm,2005-09-13,2005,9,No,Yes
CA,Hurricane,2005-09-13,2005,9,No,Yes
WI,Hurricane,2005-09-13,2005,9,No,Yes
OH,Hurricane,2005-09-13,2005,9,No,Yes
MD,Hurricane,2005-09-13,2005,9,No,Yes
MA,Hurricane,2005-09-13,2005,9,No,Yes
MT,Hurricane,2005-09-13,2005,9,No,Yes
NC,Hurricane,2005-09-14,2005,9,No,Yes
RI,Hurricane,2005-09-19,2005,9,No,Yes
ME,Hurricane,2005-09-19,2005,9,No,Yes
NJ,Hurricane,2005-09-19,2005,9,No,Yes
NH,Hurricane,2005-09-19,2005,9,No,Yes
FL,Hurricane,2005-09-20,2005,9,No,Yes
LA,Hurricane,2005-09-21,2005,9,No,Yes
TX,Hurricane,2005-09-21,2005,9,No,Yes
TX,Hurricane,2005-09-24,2005,9,Yes,Yes
LA,Hurricane,2005-09-24,2005,9,Yes,Yes
CA,Fire,2005-09-28,2005,9,No,Yes
NY,Hurricane,2005-09-30,2005,9,No,Yes
DE,Hurricane,2005-09-30,2005,9,No,Yes
CA,Fire,2005-10-06,2005,10,No,Yes
NC,Hurricane,2005-10-07,2005,10,No,Yes
MA,Storm,2005-10-19,2005,10,No,Yes
FL,Hurricane,2005-10-24,2005,10,Yes,Yes
NH,Storm,2005-10-26,2005,10,Yes,Yes
MP,Typhoon,2005-11-08,2005,11,No,Yes
IN,Tornado,2005-11-08,2005,11,Yes,Yes
MA,Storm,2005-11-10,2005,11,Yes,Yes
PR,Storm,2005-11-10,2005,11,No,Yes
KS,Storm,2005-11-15,2005,11,No,Yes
CA,Fire,2005-11-18,2005,11,No,Yes
ND,Snow,2005-11-21,2005,11,No,Yes
OK,Fire,2005-11-29,2005,11,No,Yes
OK,Fire,2005-11-30,2005,11,No,Yes
KY,Storm,2005-12-01,2005,12,Yes,No
OK,Fire,2005-12-02,2005,12,No,Yes
AK,Storm,2005-12-09,2005,12,No,Yes
CT,Storm,2005-12-16,2005,12,No,Yes
SD,Storm,2005-12-20,2005,12,No,Yes
OK,Fire,2005-12-28,2005,12,No,Yes
TX,Fire,2005-12-28,2005,12,No,Yes
OK,Fire,2005-12-29,2005,12,No,Yes
OK,Fire,2006-01-01,2006,1,No,Yes
TX,Fire,2006-01-01,2006,1,No,Yes
OK,Fire,2006-01-02,2006,1,No,Yes
NM,Fire,2006-01-02,2006,1,No,Yes
OK,Fire,2006-01-03,2006,1,No,Yes
ND,Storm,2006-01-04,2006,1,No,Yes
MN,Storm,2006-01-04,2006,1,No,Yes
TX,Fire,2006-01-05,2006,1,No,Yes
TX,Fire,2006-01-07,2006,1,No,Yes
OK,Fire,2006-01-08,2006,1,No,Yes
TX,Fire,2006-01-08,2006,1,No,Yes
CO,Fire,2006-01-08,2006,1,No,Yes
OK,Fire,2006-01-09,2006,1,No,Yes
OK,Fire,2006-01-10,2006,1,Yes,Yes
TX,Fire,2006-01-11,2006,1,Yes,Yes
TX,Fire,2006-01-13,2006,1,No,Yes
OK,Fire,2006-01-13,2006,1,No,Yes
TX,Fire,2006-01-15,2006,1,No,Yes
OK,Fire,2006-01-19,2006,1,No,Yes
TX,Fire,2006-01-19,2006,1,No,Yes
SC,Ice,2006-01-20,2006,1,No,Yes
NE,Storm,2006-01-26,2006,1,No,Yes
KS,Storm,2006-01-26,2006,1,No,Yes
CA,Storm,2006-02-03,2006,2,Yes,Yes
NV,Storm,2006-02-03,2006,2,No,Yes
TX,Fire,2006-02-05,2006,2,No,Yes
CA,Fire,2006-02-06,2006,2,No,Yes
ME,Snow,2006-02-24,2006,2,No,Yes
ID,Storm,2006-02-27,2006,2,No,Yes
NM,Fire,2006-03-01,2006,3,No,Yes
MO,Storm,2006-03-16,2006,3,Yes,Yes
OR,Storm,2006-03-20,2006,3,No,Yes
IL,Storm,2006-03-28,2006,3,Yes,Yes
KS,Fire,2006-03-30,2006,3,No,Yes
TN,Storm,2006-04-05,2006,4,Yes,Yes
MO,Storm,2006-04-05,2006,4,Yes,Yes
OK,Fire,2006-04-06,2006,4,No,Yes
NM,Fire,2006-04-12,2006,4,No,Yes
AR,Storm,2006-04-12,2006,4,Yes,Yes
KS,Storm,2006-04-13,2006,4,No,Yes
OK,Storm,2006-04-13,2006,4,Yes,No
VA,Fire,2006-04-15,2006,4,No,Yes
HI,Storm,2006-05-02,2006,5,Yes,Yes
CT,Snow,2006-05-02,2006,5,No,Yes
FL,Fire,2006-05-15,2006,5,No,Yes
WA,Storm,2006-05-17,2006,5,No,Yes
MA,Storm,2006-05-25,2006,5,Yes,Yes
NH,Storm,2006-05-25,2006,5,Yes,Yes
ME,Storm,2006-05-25,2006,5,Yes,Yes
TX,Fire,2006-05-26,2006,5,No,Yes
AZ,Fire,2006-06-02,2006,6,No,Yes
ND,Storm,2006-06-05,2006,6,No,Yes
CA,Storm,2006-06-05,2006,6,No,Yes
SD,Storm,2006-06-05,2006,6,No,Yes
MN,Flood,2006-06-05,2006,6,No,Yes
AK,Fire,2006-06-08,2006,6,No,Yes
AZ,Fire,2006-06-13,2006,6,No,Yes
AZ,Fire,2006-06-14,2006,6,No,Yes
NM,Fire,2006-06-16,2006,6,No,Yes
AZ,Fire,2006-06-18,2006,6,No,Yes
CO,Fire,2006-06-19,2006,6,No,Yes
NM,Fire,2006-06-21,2006,6,No,Yes
NV,Fire,2006-06-26,2006,6,No,Yes
TX,Fire,2006-06-27,2006,6,No,Yes
NV,Fire,2006-06-27,2006,6,No,Yes
PA,Storm,2006-06-30,2006,6,Yes,Yes
NY,Storm,2006-07-01,2006,7,Yes,Yes
OH,Storm,2006-07-02,2006,7,Yes,No
MD,Storm,2006-07-02,2006,7,No,Yes
DE,Storm,2006-07-05,2006,7,No,Yes
NJ,Storm,2006-07-07,2006,7,Yes,Yes
MT,Fire,2006-07-11,2006,7,No,Yes
CA,Fire,2006-07-12,2006,7,No,Yes
VA,Storm,2006-07-13,2006,7,No,Yes
WY,Fire,2006-07-14,2006,7,No,Yes
NE,Fire,2006-07-17,2006,7,No,Yes
MO,Storm,2006-07-21,2006,7,No,Yes
CA,Fire,2006-07-24,2006,7,No,Yes
OR,Fire,2006-07-25,2006,7,No,Yes
OR,Fire,2006-07-27,2006,7,No,Yes
SD,Fire,2006-07-27,2006,7,No,Yes
NE,Fire,2006-07-28,2006,7,No,Yes
NE,Fire,2006-07-29,2006,7,No,Yes
CA,Fire,2006-07-30,2006,7,No,Yes
OH,Storm,2006-08-01,2006,8,Yes,Yes
AK,Flood,2006-08-04,2006,8,No,Yes
WA,Fire,2006-08-08,2006,8,No,Yes
NV,Fire,2006-08-12,2006,8,No,Yes
WY,Fire,2006-08-14,2006,8,No,Yes
TX,Storm,2006-08-15,2006,8,Yes,Yes
TX,Fire,2006-08-16,2006,8,No,Yes
TX,Fire,2006-08-19,2006,8,No,Yes
MT,Fire,2006-08-22,2006,8,No,Yes
WA,Fire,2006-08-22,2006,8,No,Yes
NV,Fire,2006-08-24,2006,8,No,Yes
MT,Fire,2006-08-30,2006,8,No,Yes
NM,Storm,2006-08-30,2006,8,Yes,Yes
CO,Fire,2006-09-01,2006,9,No,Yes
HI,Fire,2006-09-02,2006,9,No,Yes
AZ,Storm,2006-09-07,2006,9,No,Yes
WA,Fire,2006-09-11,2006,9,No,Yes
TX,Fire,2006-09-14,2006,9,No,Yes
CA,Fire,2006-09-17,2006,9,No,Yes
VA,Storm,2006-09-22,2006,9,No,Yes
CA,Fire,2006-09-26,2006,9,No,Yes
IN,Storm,2006-10-06,2006,10,Yes,No
NY,Snow,2006-10-15,2006,10,No,Yes
AK,Storm,2006-10-16,2006,10,No,Yes
HI,Earthquake,2006-10-17,2006,10,Yes,Yes
NY,Storm,2006-10-24,2006,10,Yes,Yes
CA,Fire,2006-10-26,2006,10,No,Yes
AK,Fire,2006-10-27,2006,10,No,Yes
MO,Storm,2006-11-02,2006,11,No,Yes
LA,Storm,2006-11-02,2006,11,Yes,Yes
NV,Fire,2006-11-11,2006,11,No,Yes
TX,Fire,2006-11-15,2006,11,No,Yes
CA,Fire,2006-12-03,2006,12,No,Yes
AK,Storm,2006-12-08,2006,12,No,Yes
NY,Storm,2006-12-12,2006,12,Yes,Yes
WA,Storm,2006-12-12,2006,12,Yes,Yes
OR,Storm,2006-12-29,2006,12,No,Yes
MO,Storm,2006-12-29,2006,12,No,Yes
IL,Snow,2006-12-29,2006,12,No,Yes
NE,Storm,2007-01-07,2007,1,No,Yes
KS,Storm,2007-01-07,2007,1,No,Yes
CO,Snow,2007-01-07,2007,1,No,Yes
OK,Ice,2007-01-14,2007,1,No,Yes
MO,Ice,2007-01-15,2007,1,No,Yes
OK,Storm,2007-02-01,2007,2,No,Yes
FL,Storm,2007-02-03,2007,2,Yes,Yes
FL,Storm,2007-02-08,2007,2,Yes,No
IL,Ice,2007-02-09,2007,2,No,Yes
WA,Storm,2007-02-14,2007,2,No,Yes
OR,Storm,2007-02-22,2007,2,No,Yes
NY,Snow,2007-02-23,2007,2,No,Yes
LA,Storm,2007-02-23,2007,2,Yes,No
PA,Storm,2007-02-23,2007,2,No,Yes
NM,Fire,2007-02-24,2007,2,No,Yes
AL,Storm,2007-03-03,2007,3,Yes,Yes
GA,Storm,2007-03-03,2007,3,Yes,Yes
CA,Fire,2007-03-11,2007,3,No,Yes
IN,Snow,2007-03-12,2007,3,No,Yes
CA,Winter,2007-03-13,2007,3,No,No
IA,Storm,2007-03-14,2007,3,No,Yes
FL,Fire,2007-03-26,2007,3,No,Yes
IA,Snow,2007-03-30,2007,3,No,Yes
NM,Storm,2007-04-02,2007,4,Yes,No
GA,Fire,2007-04-17,2007,4,No,Yes
ME,Flood,2007-04-20,2007,4,No,Yes
NY,Storm,2007-04-24,2007,4,Yes,Yes
ME,Storm,2007-04-25,2007,4,Yes,Yes
GA,Fire,2007-04-26,2007,4,No,Yes
NJ,Storm,2007-04-26,2007,4,Yes,Yes
NH,Storm,2007-04-27,2007,4,Yes,Yes
WV,Storm,2007-05-01,2007,5,No,Yes
TX,Storm,2007-05-01,2007,5,Yes,Yes
FL,Fire,2007-05-02,2007,5,No,Yes
VT,Storm,2007-05-04,2007,5,No,Yes
GA,Fire,2007-05-05,2007,5,No,Yes
KS,Storm,2007-05-06,2007,5,Yes,Yes
FL,Fire,2007-05-07,2007,5,No,Yes
FL,Fire,2007-05-08,2007,5,No,Yes
GA,Fire,2007-05-09,2007,5,No,Yes
FL,Fire,2007-05-09,2007,5,No,Yes
CA,Fire,2007-05-09,2007,5,No,Yes
CA,Fire,2007-05-10,2007,5,No,Yes
CT,Storm,2007-05-11,2007,5,Yes,Yes
MA,Storm,2007-05-16,2007,5,No,Yes
NJ,Fire,2007-05-16,2007,5,No,Yes
SD,Storm,2007-05-22,2007,5,Yes,Yes
IA,Storm,2007-05-25,2007,5,Yes,Yes
RI,Storm,2007-05-25,2007,5,No,Yes
KY,Storm,2007-05-25,2007,5,No,Yes
GA,Fire,2007-05-31,2007,5,No,Yes
NE,Storm,2007-06-06,2007,6,No,Yes
OK,Storm,2007-06-07,2007,6,No,Yes
MO,Storm,2007-06-11,2007,6,Yes,Yes
CO,Fire,2007-06-19,2007,6,No,Yes
AK,Fire,2007-06-22,2007,6,No,Yes
CA,Fire,2007-06-24,2007,6,No,Yes
FL,Fire,2007-06-27,2007,6,No,Yes
HI,Fire,2007-06-28,2007,6,No,Yes
CA,Fire,2007-06-29,2007,6,No,Yes
TX,Storm,2007-06-29,2007,6,Yes,Yes
UT,Fire,2007-06-30,2007,6,No,Yes
KS,Storm,2007-07-02,2007,7,Yes,Yes
NY,Storm,2007-07-02,2007,7,No,Yes
NV,Fire,2007-07-06,2007,7,No,Yes
UT,Fire,2007-07-07,2007,7,No,Yes
CA,Fire,2007-07-07,2007,7,No,Yes
OK,Storm,2007-07-07,2007,7,Yes,Yes
WA,Fire,2007-07-08,2007,7,No,Yes
SD,Fire,2007-07-08,2007,7,No,Yes
NV,Fire,2007-07-08,2007,7,No,Yes
CA,Fire,2007-07-08,2007,7,No,Yes
OR,Fire,2007-07-12,2007,7,No,Yes
WA,Fire,2007-07-16,2007,7,No,Yes
NV,Fire,2007-07-16,2007,7,No,Yes
ND,Storm,2007-07-17,2007,7,No,Yes
SD,Fire,2007-07-21,2007,7,No,Yes
UT,Fire,2007-07-21,2007,7,No,Yes
NV,Fire,2007-07-23,2007,7,No,Yes
NE,Storm,2007-07-24,2007,7,No,Yes
FM,Drought,2007-07-31,2007,7,No,Yes
VT,Storm,2007-08-03,2007,8,No,Yes
MT,Fire,2007-08-04,2007,8,No,Yes
ME,Storm,2007-08-08,2007,8,No,Yes
WY,Fire,2007-08-12,2007,8,No,Yes
HI,Fire,2007-08-14,2007,8,No,Yes
MT,Fire,2007-08-16,2007,8,No,Yes
HI,Fire,2007-08-17,2007,8,No,Yes
TX,Hurricane,2007-08-18,2007,8,No,Yes
MT,Fire,2007-08-19,2007,8,No,Yes
MN,Other,2007-08-21,2007,8,No,Yes
MN,Storm,2007-08-23,2007,8,Yes,Yes
OK,Storm,2007-08-24,2007,8,Yes,Yes
WI,Storm,2007-08-26,2007,8,Yes,Yes
OH,Storm,2007-08-27,2007,8,Yes,Yes
ID,Fire,2007-08-28,2007,8,No,Yes
NE,Storm,2007-08-29,2007,8,No,Yes
ID,Fire,2007-08-30,2007,8,No,Yes
IL,Storm,2007-08-30,2007,8,Yes,No
NY,Storm,2007-08-31,2007,8,Yes,No
OK,Storm,2007-08-31,2007,8,No,Yes
OR,Fire,2007-09-03,2007,9,No,Yes
ND,Storm,2007-09-07,2007,9,No,Yes
IA,Storm,2007-09-14,2007,9,No,Yes
CA,Fire,2007-09-15,2007,9,No,Yes
MT,Fire,2007-09-16,2007,9,No,Yes
WA,Fire,2007-09-21,2007,9,No,Yes
MO,Storm,2007-09-21,2007,9,No,Yes
IL,Storm,2007-09-25,2007,9,Yes,Yes
TX,Storm,2007-10-02,2007,10,Yes,No
CA,Fire,2007-10-21,2007,10,No,Yes
CA,Fire,2007-10-22,2007,10,No,Yes
CA,Fire,2007-10-23,2007,10,No,Yes
CA,Fire,2007-10-24,2007,10,Yes,Yes
HI,Fire,2007-10-28,2007,10,No,Yes
NM,Fire,2007-11-21,2007,11,No,Yes
IN,Storm,2007-11-30,2007,11,Yes,No
OR,Storm,2007-12-08,2007,12,Yes,Yes
WA,Storm,2007-12-08,2007,12,Yes,Yes
OK,Ice,2007-12-10,2007,12,No,Yes
KS,Storm,2007-12-12,2007,12,No,Yes
MO,Ice,2007-12-12,2007,12,No,Yes
OK,Ice,2007-12-18,2007,12,No,Yes
MO,Ice,2007-12-27,2007,12,No,Yes
IA,Ice,2008-01-04,2008,1,No,Yes
NV,Storm,2008-01-08,2008,1,Yes,Yes
NE,Ice,2008-01-11,2008,1,No,Yes
IN,Storm,2008-01-30,2008,1,Yes,Yes
KS,Storm,2008-02-01,2008,2,No,Yes
MO,Storm,2008-02-05,2008,2,No,Yes
HI,Storm,2008-02-06,2008,2,No,Yes
TN,Storm,2008-02-07,2008,2,Yes,Yes
AR,Storm,2008-02-07,2008,2,Yes,Yes
TX,Fire,2008-02-08,2008,2,No,Yes
TX,Fire,2008-02-13,2008,2,No,Yes
KY,Storm,2008-02-21,2008,2,Yes,Yes
TX,Fire,2008-02-23,2008,2,No,Yes
TX,Fire,2008-02-25,2008,2,No,Yes
OK,Fire,2008-02-25,2008,2,No,Yes
TX,Fire,2008-02-28,2008,2,No,Yes
TX,Fire,2008-03-04,2008,3,No,Yes
IL,Storm,2008-03-07,2008,3,Yes,No
TX,Fire,2008-03-12,2008,3,No,Yes
MO,Ice,2008-03-12,2008,3,No,Yes
IL,Snow,2008-03-13,2008,3,No,Yes
TX,Fire,2008-03-14,2008,3,No,Yes
TX,Fire,2008-03-15,2008,3,No,Yes
MO,Storm,2008-03-19,2008,3,Yes,Yes
TX,Fire,2008-03-19,2008,3,No,Yes
WI,Snow,2008-03-19,2008,3,No,Yes
GA,Storm,2008-03-20,2008,3,Yes,Yes
OK,Fire,2008-03-21,2008,3,No,Yes
AR,Storm,2008-03-26,2008,3,Yes,Yes
TX,Fire,2008-03-27,2008,3,No,Yes
TX,Fire,2008-03-31,2008,3,No,Yes
TX,Fire,2008-04-10,2008,4,No,Yes
CO,Fire,2008-04-15,2008,4,No,Yes
TX,Fire,2008-04-16,2008,4,No,Yes
NM,Fire,2008-04-21,2008,4,No,Yes
OH,Snow,2008-04-24,2008,4,No,Yes
CA,Fire,2008-04-27,2008,4,No,Yes
TX,Fire,2008-05-01,2008,5,No,Yes
OK,Storm,2008-05-05,2008,5,No,Yes
MS,Storm,2008-05-08,2008,5,Yes,No
ME,Flood,2008-05-09,2008,5,Yes,Yes
OK,Flood,2008-05-09,2008,5,No,Yes
FL,Fire,2008-05-12,2008,5,No,Yes
OK,Storm,2008-05-14,2008,5,Yes,Yes
KY,Storm,2008-05-19,2008,5,No,Yes
AR,Storm,2008-05-20,2008,5,Yes,Yes
CA,Fire,2008-05-22,2008,5,No,Yes
SD,Snow,2008-05-22,2008,5,No,Yes
MO,Storm,2008-05-23,2008,5,Yes,No
GA,Storm,2008-05-23,2008,5,Yes,Yes
CO,Storm,2008-05-26,2008,5,Yes,No
IA,Storm,2008-05-27,2008,5,Yes,Yes
MS,Storm,2008-05-28,2008,5,Yes,Yes
NE,Storm,2008-05-30,2008,5,No,Yes
TX,Fire,2008-06-03,2008,6,No,Yes
TX,Fire,2008-06-04,2008,6,No,Yes
OK,Fire,2008-06-05,2008,6,No,Yes
IN,Storm,2008-06-08,2008,6,Yes,Yes
CA,Fire,2008-06-10,2008,6,No,Yes
CA,Fire,2008-06-11,2008,6,No,Yes
NC,Fire,2008-06-13,2008,6,No,Yes
MT,Storm,2008-06-13,2008,6,No,Yes
WI,Storm,2008-06-14,2008,6,Yes,Yes
TX,Fire,2008-06-16,2008,6,No,Yes
WV,Storm,2008-06-19,2008,6,Yes,Yes
CA,Fire,2008-06-20,2008,6,No,Yes
NE,Storm,2008-06-20,2008,6,Yes,Yes
CA,Fire,2008-06-22,2008,6,No,Yes
IL,Storm,2008-06-24,2008,6,Yes,Yes
NM,Fire,2008-06-25,2008,6,No,Yes
MO,Storm,2008-06-25,2008,6,Yes,Yes
MN,Storm,2008-06-25,2008,6,No,Yes
CO,Fire,2008-06-27,2008,6,No,Yes
CA,Fire,2008-06-28,2008,6,No,Yes
AZ,Fire,2008-06-29,2008,6,No,Yes
CA,Fire,2008-07-04,2008,7,No,Yes
CA,Fire,2008-07-08,2008,7,No,Yes
KS,Storm,2008-07-09,2008,7,No,Yes
SD,Storm,2008-07-09,2008,7,No,Yes
OK,Storm,2008-07-09,2008,7,No,Yes
WA,Fire,2008-07-11,2008,7,No,Yes
MI,Storm,2008-07-14,2008,7,No,Yes
VT,Storm,2008-07-15,2008,7,No,Yes
NE,Storm,2008-07-18,2008,7,No,Yes
TX,Hurricane,2008-07-24,2008,7,Yes,Yes
ID,Flood,2008-07-31,2008,7,No,Yes
TX,Fire,2008-08-07,2008,8,No,Yes
NH,Storm,2008-08-11,2008,8,No,Yes
NM,Storm,2008-08-14,2008,8,No,Yes
VT,Storm,2008-08-15,2008,8,No,Yes
FL,Storm,2008-08-21,2008,8,No,Yes
FL,Storm,2008-08-24,2008,8,Yes,Yes
LA,Hurricane,2008-08-29,2008,8,No,Yes
TX,Hurricane,2008-08-29,2008,8,No,Yes
AL,Hurricane,2008-08-30,2008,8,No,Yes
MS,Hurricane,2008-08-30,2008,8,No,Yes
LA,Hurricane,2008-09-02,2008,9,Yes,Yes
CA,Fire,2008-09-02,2008,9,No,Yes
NH,Storm,2008-09-05,2008,9,No,Yes
FL,Hurricane,2008-09-07,2008,9,No,Yes
ME,Storm,2008-09-09,2008,9,No,Yes
AL,Hurricane,2008-09-10,2008,9,No,Yes
TX,Hurricane,2008-09-10,2008,9,No,Yes
LA,Hurricane,2008-09-11,2008,9,No,Yes
VT,Storm,2008-09-12,2008,9,No,Yes
LA,Hurricane,2008-09-13,2008,9,Yes,Yes
TX,Hurricane,2008-09-13,2008,9,Yes,Yes
OR,Fire,2008-09-17,2008,9,No,Yes
AR,Hurricane,2008-09-18,2008,9,No,Yes
MS,Hurricane,2008-09-22,2008,9,Yes,Yes
IN,Storm,2008-09-23,2008,9,Yes,Yes
AK,Storm,2008-09-26,2008,9,No,Yes
AL,Storm,2008-09-26,2008,9,No,Yes
PR,Storm,2008-10-01,2008,10,Yes,Yes
IL,Storm,2008-10-03,2008,10,Yes,Yes
NH,Storm,2008-10-03,2008,10,No,Yes
NC,Storm,2008-10-08,2008,10,No,Yes
OK,Storm,2008-10-09,2008,10,No,Yes
KY,Storm,2008-10-09,2008,10,No,Yes
CA,Fire,2008-10-12,2008,10,No,Yes
CA,Fire,2008-10-13,2008,10,No,Yes
AR,Storm,2008-10-22,2008,10,No,Yes
OH,Storm,2008-10-24,2008,10,No,Yes
FL,Hurricane,2008-10-27,2008,10,No,Yes
VI,Hurricane,2008-10-29,2008,10,No,Yes
KS,Storm,2008-10-31,2008,10,No,Yes
MO,Storm,2008-11-13,2008,11,Yes,Yes
CA,Fire,2008-11-14,2008,11,No,Yes
CA,Fire,2008-11-15,2008,11,No,Yes
CA,Fire,2008-11-18,2008,11,Yes,Yes
SD,Snow,2008-12-12,2008,12,No,Yes
NH,Storm,2008-12-13,2008,12,No,Yes
MA,Storm,2008-12-13,2008,12,No,Yes
ME,Storm,2008-12-15,2008,12,No,Yes
NY,Storm,2008-12-18,2008,12,No,Yes
NH,Ice,2009-01-02,2009,1,No,Yes
HI,Flood,2009-01-05,2009,1,Yes,Yes
MA,Ice,2009-01-05,2009,1,No,Yes
CO,Fire,2009-01-07,2009,1,No,Yes
ME,Storm,2009-01-09,2009,1,No,Yes
DC,Other,2009-01-13,2009,1,No,Yes
VT,Ice,2009-01-14,2009,1,No,Yes
AR,Ice,2009-01-28,2009,1,No,Yes
KY,Ice,2009-01-28,2009,1,No,Yes
MO,Ice,2009-01-30,2009,1,No,Yes
WA,Flood,2009-01-30,2009,1,Yes,Yes
KY,Ice,2009-02-05,2009,2,No,Yes
AR,Storm,2009-02-06,2009,2,No,Yes
OK,Storm,2009-02-15,2009,2,Yes,Yes
TN,Ice,2009-02-17,2009,2,No,Yes
OK,Storm,2009-02-17,2009,2,No,Yes
MO,Storm,2009-02-17,2009,2,No,Yes
TX,Fire,2009-02-25,2009,2,No,Yes
TX,Fire,2009-02-27,2009,2,No,Yes
TX,Fire,2009-02-28,2009,2,No,Yes
IL,Storm,2009-03-02,2009,3,No,Yes
OR,Storm,2009-03-02,2009,3,No,Yes
WA,Storm,2009-03-02,2009,3,No,Yes
TX,Fire,2009-03-03,2009,3,No,Yes
NY,Storm,2009-03-04,2009,3,No,Yes
OK,Fire,2009-03-05,2009,3,No,Yes
TX,Fire,2009-03-05,2009,3,No,Yes
IN,Storm,2009-03-05,2009,3,No,Yes
TX,Fire,2009-03-20,2009,3,No,Yes
ND,Storm,2009-03-24,2009,3,Yes,Yes
MN,Storm,2009-03-26,2009,3,No,Yes
TX,Fire,2009-04-03,2009,4,No,Yes
TX,Fire,2009-04-04,2009,4,No,Yes
TX,Fire,2009-04-05,2009,4,No,Yes
TX,Fire,2009-04-07,2009,4,No,Yes
MN,Storm,2009-04-09,2009,4,Yes,Yes
TX,Fire,2009-04-10,2009,4,No,Yes
OK,Fire,2009-04-10,2009,4,No,Yes
FL,Storm,2009-04-21,2009,4,Yes,Yes
IN,Storm,2009-04-22,2009,4,Yes,No
SC,Fire,2009-04-23,2009,4,No,Yes
GA,Storm,2009-04-23,2009,4,Yes,Yes
AR,Tornado,2009-04-27,2009,4,Yes,Yes
AL,Storm,2009-04-28,2009,4,Yes,Yes
CA,Fire,2009-05-06,2009,5,No,Yes
NM,Fire,2009-05-07,2009,5,No,Yes
AL,Storm,2009-05-08,2009,5,No,Yes
MS,Storm,2009-05-12,2009,5,No,Yes
FL,Fire,2009-05-12,2009,5,No,Yes
AK,Fire,2009-05-14,2009,5,No,Yes
TN,Storm,2009-05-15,2009,5,No,Yes
WV,Storm,2009-05-15,2009,5,Yes,Yes
AZ,Fire,2009-05-18,2009,5,No,Yes
FL,Storm,2009-05-27,2009,5,Yes,Yes
KY,Storm,2009-05-29,2009,5,Yes,Yes
AL,Storm,2009-06-03,2009,6,Yes,Yes
AK,Flood,2009-06-11,2009,6,Yes,Yes
SD,Storm,2009-06-16,2009,6,No,Yes
AR,Storm,2009-06-16,2009,6,No,Yes
OK,Fire,2009-06-19,2009,6,Yes,No
MO,Storm,2009-06-19,2009,6,Yes,Yes
OK,Snow,2009-06-23,2009,6,No,Yes
KS,Storm,2009-06-24,2009,6,No,Yes
KS,Storm,2009-06-25,2009,6,No,Yes
IL,Storm,2009-07-02,2009,7,No,Yes
TN,Storm,2009-07-13,2009,7,No,Yes
NV,Fire,2009-07-17,2009,7,No,Yes
WA,Fire,2009-07-29,2009,7,No,Yes
ME,Storm,2009-07-30,2009,7,No,Yes
NE,Storm,2009-07-31,2009,7,No,Yes
IA,Storm,2009-08-13,2009,8,No,Yes
CA,Fire,2009-08-13,2009,8,No,Yes
KY,Storm,2009-08-14,2009,8,Yes,Yes
CA,Fire,2009-08-15,2009,8,No,Yes
TN,Storm,2009-08-21,2009,8,No,Yes
WA,Fire,2009-08-22,2009,8,No,Yes
CA,Fire,2009-08-28,2009,8,No,Yes
OR,Fire,2009-08-28,2009,8,No,Yes
UT,Fire,2009-08-30,2009,8,No,Yes
AZ,Fire,2009-08-31,2009,8,No,Yes
HI,Fire,2009-08-31,2009,8,No,Yes
CA,Fire,2009-08-31,2009,8,No,Yes
NY,Storm,2009-09-01,2009,9,Yes,Yes
CA,Fire,2009-09-01,2009,9,No,Yes
MT,Fire,2009-09-04,2009,9,No,Yes
CA,Fire,2009-09-22,2009,9,No,Yes
OR,Fire,2009-09-22,2009,9,No,Yes
GA,Storm,2009-09-24,2009,9,Yes,Yes
AS,Earthquake,2009-09-29,2009,9,Yes,Yes
KS,Storm,2009-09-30,2009,9,No,Yes
AZ,Fire,2009-10-03,2009,10,No,Yes
CA,Fire,2009-10-04,2009,10,No,Yes
PR,Fire,2009-10-24,2009,10,No,Yes
AR,Storm,2009-12-03,2009,12,No,Yes
VA,Storm,2009-12-09,2009,12,No,Yes
LA,Storm,2009-12-10,2009,12,No,Yes
NE,Storm,2009-12-16,2009,12,No,Yes
AK,Storm,2009-12-18,2009,12,No,Yes
AL,Hurricane,2009-12-22,2009,12,No,Yes
NJ,Storm,2009-12-22,2009,12,No,Yes
KS,Storm,2009-12-23,2009,12,No,Yes
NY,Storm,2009-12-31,2009,12,No,Yes
AL,Storm,2009-12-31,2009,12,No,Yes
AZ,Storm,2010-01-24,2010,1,No,Yes
OK,Storm,2010-01-30,2010,1,No,Yes
NC,Storm,2010-02-02,2010,2,No,Yes
AR,Storm,2010-02-04,2010,2,No,Yes
NJ,Snow,2010-02-05,2010,2,No,Yes
VA,Snow,2010-02-16,2010,2,No,Yes
MD,Snow,2010-02-19,2010,2,No,Yes
IA,Storm,2010-02-25,2010,2,No,Yes
NE,Storm,2010-02-25,2010,2,No,Yes
OK,Storm,2010-02-25,2010,2,No,Yes
ND,Storm,2010-02-26,2010,2,No,Yes
IA,Storm,2010-03-02,2010,3,No,Yes
WV,Snow,2010-03-02,2010,3,No,Yes
DC,Snow,2010-03-03,2010,3,No,Yes
OK,Ice,2010-03-05,2010,3,No,Yes
CA,Storm,2010-03-08,2010,3,No,Yes
SD,Storm,2010-03-09,2010,3,No,Yes
KS,Storm,2010-03-09,2010,3,No,Yes
SD,Storm,2010-03-10,2010,3,No,Yes
ND,Flood,2010-03-14,2010,3,No,Yes
AZ,Storm,2010-03-18,2010,3,No,Yes
MN,Flood,2010-03-19,2010,3,No,Yes
NJ,Snow,2010-03-23,2010,3,No,Yes
DC,Storm,2010-03-24,2010,3,No,Yes
ME,Storm,2010-03-25,2010,3,No,Yes
MA,Storm,2010-03-29,2010,3,Yes,Yes
RI,Storm,2010-03-29,2010,3,Yes,Yes
NH,Storm,2010-03-29,2010,3,No,Yes
WV,Storm,2010-03-29,2010,3,Yes,Yes
RI,Storm,2010-03-30,2010,3,No,Yes
DE,Snow,2010-03-31,2010,3,No,Yes
NJ,Storm,2010-04-02,2010,4,Yes,Yes
NY,Storm,2010-04-16,2010,4,No,Yes
PA,Snow,2010-04-16,2010,4,No,Yes
MN,Flood,2010-04-19,2010,4,No,Yes
NE,Flood,2010-04-21,2010,4,No,Yes
ND,Storm,2010-04-21,2010,4,No,Yes
CT,Storm,2010-04-23,2010,4,Yes,Yes
WV,Snow,2010-04-23,2010,4,No,Yes
VA,Snow,2010-04-27,2010,4,No,Yes
MS,Storm,2010-04-29,2010,4,Yes,Yes
ND,Flood,2010-04-30,2010,4,No,Yes
AL,Storm,2010-05-03,2010,5,Yes,Yes
MA,Other,2010-05-03,2010,5,No,Yes
TN,Storm,2010-05-04,2010,5,Yes,Yes
MD,Snow,2010-05-06,2010,5,No,Yes
CA,Earthquake,2010-05-07,2010,5,No,Yes
KY,Storm,2010-05-11,2010,5,Yes,Yes
NH,Storm,2010-05-12,2010,5,No,Yes
SD,Flood,2010-05-13,2010,5,No,Yes
SD,Storm,2010-05-13,2010,5,No,Yes
MS,Storm,2010-05-14,2010,5,Yes,Yes
OK,Storm,2010-05-24,2010,5,Yes,Yes
NM,Fire,2010-05-24,2010,5,No,Yes
NM,Fire,2010-06-02,2010,6,No,Yes
HI,Fire,2010-06-09,2010,6,No,Yes
AZ,Fire,2010-06-19,2010,6,No,Yes
AZ,Fire,2010-06-20,2010,6,No,Yes
PR,Storm,2010-06-24,2010,6,No,Yes
WV,Flood,2010-06-24,2010,6,Yes,Yes
TX,Hurricane,2010-06-29,2010,6,No,Yes
NV,Fire,2010-07-01,2010,7,No,Yes
ME,Storm,2010-07-01,2010,7,No,Yes
MN,Tornado,2010-07-02,2010,7,No,Yes
MT,Storm,2010-07-10,2010,7,No,Yes
WY,Flood,2010-07-14,2010,7,No,Yes
NE,Storm,2010-07-15,2010,7,No,Yes
WA,Fire,2010-07-19,2010,7,No,Yes
KY,Storm,2010-07-23,2010,7,Yes,Yes
OK,Storm,2010-07-26,2010,7,No,Yes
IA,Storm,2010-07-27,2010,7,No,Yes
ID,Storm,2010-07-27,2010,7,No,Yes
CA,Fire,2010-07-27,2010,7,No,Yes
CA,Fire,2010-07-28,2010,7,No,Yes
IA,Storm,2010-07-29,2010,7,Yes,Yes
SD,Storm,2010-07-29,2010,7,No,Yes
CA,Fire,2010-07-30,2010,7,No,Yes
TX,Hurricane,2010-08-03,2010,8,Yes,Yes
KS,Storm,2010-08-10,2010,8,No,Yes
WI,Storm,2010-08-11,2010,8,Yes,Yes
MO,Storm,2010-08-17,2010,8,No,Yes
IL,Storm,2010-08-19,2010,8,Yes,Yes
CA,Fire,2010-08-24,2010,8,No,Yes
ID,Fire,2010-08-26,2010,8,No,Yes
WA,Fire,2010-08-27,2010,8,No,Yes
NC,Hurricane,2010-09-01,2010,9,No,Yes
MA,Hurricane,2010-09-02,2010,9,No,Yes
CO,Fire,2010-09-06,2010,9,No,Yes
CA,Fire,2010-09-10,2010,9,No,Yes
CO,Fire,2010-09-12,2010,9,No,Yes
NM,Flood,2010-09-13,2010,9,No,Yes
CA,Fire,2010-09-15,2010,9,No,Yes
TN,Storm,2010-09-15,2010,9,No,Yes
UT,Fire,2010-09-19,2010,9,No,Yes
SD,Storm,2010-09-23,2010,9,No,Yes
VI,Hurricane,2010-09-28,2010,9,No,Yes
AZ,Storm,2010-10-04,2010,10,No,Yes
MN,Storm,2010-10-13,2010,10,No,Yes
NY,Tornado,2010-10-14,2010,10,No,Yes
NC,Storm,2010-10-14,2010,10,Yes,No
NE,Storm,2010-10-21,2010,10,No,Yes
WI,Storm,2010-10-21,2010,10,No,Yes
PR,Storm,2010-10-26,2010,10,No,Yes
SD,Storm,2010-11-02,2010,11,No,Yes
VI,Storm,2010-11-05,2010,11,No,Yes
VI,Storm,2010-11-24,2010,11,No,Yes
AZ,Storm,2010-12-21,2010,12,No,Yes
VT,Storm,2010-12-22,2010,12,No,Yes
CA,Flood,2011-01-26,2011,1,No,Yes
ME,Storm,2011-02-01,2011,2,No,Yes
OK,Storm,2011-02-02,2011,2,No,Yes
MO,Storm,2011-02-03,2011,2,No,Yes
NJ,Snow,2011-02-04,2011,2,No,Yes
UT,Flood,2011-02-11,2011,2,No,Yes
OR,Storm,2011-02-17,2011,2,No,Yes
NY,Storm,2011-02-18,2011,2,No,Yes
VA,Fire,2011-02-20,2011,2,No,Yes
TX,Fire,2011-02-27,2011,2,No,Yes
TX,Fire,2011-02-28,2011,2,No,Yes
CT,Snow,2011-03-03,2011,3,No,Yes
MA,Snow,2011-03-07,2011,3,No,Yes
NM,Fire,2011-03-08,2011,3,No,Yes
OK,Fire,2011-03-11,2011,3,No,Yes
TX,Fire,2011-03-11,2011,3,No,Yes
OK,Fire,2011-03-12,2011,3,No,Yes
TX,Fire,2011-03-12,2011,3,No,Yes
IL,Snow,2011-03-17,2011,3,No,Yes
CO,Fire,2011-03-21,2011,3,No,Yes
MO,Storm,2011-03-23,2011,3,No,Yes
NM,Storm,2011-03-24,2011,3,No,Yes
OK,Fire,2011-03-24,2011,3,No,Yes
OR,Tsunami,2011-03-25,2011,3,No,Yes
WA,Storm,2011-03-25,2011,3,No,Yes
GA,Fire,2011-03-25,2011,3,No,Yes
TN,Storm,2011-03-31,2011,3,No,Yes
TX,Fire,2011-04-03,2011,4,No,Yes
NM,Fire,2011-04-03,2011,4,No,Yes
OK,Fire,2011-04-03,2011,4,No,Yes
KS,Fire,2011-04-03,2011,4,No,Yes
CO,Fire,2011-04-03,2011,4,No,Yes
WI,Snow,2011-04-05,2011,4,No,Yes
TX,Fire,2011-04-05,2011,4,No,Yes
OK,Fire,2011-04-06,2011,4,No,Yes
ND,Flood,2011-04-07,2011,4,No,Yes
HI,Tsunami,2011-04-08,2011,4,No,Yes
TX,Fire,2011-04-09,2011,4,No,Yes
OK,Fire,2011-04-10,2011,4,No,Yes
TX,Fire,2011-04-15,2011,4,No,Yes
OK,Fire,2011-04-15,2011,4,No,Yes
TX,Fire,2011-04-16,2011,4,No,Yes
TX,Fire,2011-04-17,2011,4,No,Yes
NM,Fire,2011-04-17,2011,4,No,Yes
CA,Tsunami,2011-04-18,2011,4,No,Yes
NC,Storm,2011-04-19,2011,4,Yes,Yes
TX,Fire,2011-04-21,2011,4,No,Yes
NE,Fire,2011-04-22,2011,4,No,Yes
OK,Storm,2011-04-22,2011,4,Yes,Yes
FL,Fire,2011-04-27,2011,4,No,Yes
AL,Storm,2011-04-27,2011,4,No,Yes
TX,Fire,2011-04-27,2011,4,No,Yes
AL,Storm,2011-04-28,2011,4,Yes,Yes
GA,Storm,2011-04-29,2011,4,Yes,Yes
MS,Storm,2011-04-29,2011,4,Yes,Yes
TX,Fire,2011-04-29,2011,4,No,Yes
TX,Fire,2011-04-30,2011,4,No,Yes
TN,Storm,2011-05-01,2011,5,Yes,Yes
AR,Storm,2011-05-02,2011,5,Yes,Yes
MS,Flood,2011-05-04,2011,5,No,Yes
KY,Storm,2011-05-04,2011,5,Yes,Yes
TN,Flood,2011-05-04,2011,5,No,Yes
IA,Storm,2011-05-05,2011,5,No,Yes
LA,Flood,2011-05-06,2011,5,No,Yes
TX,Fire,2011-05-08,2011,5,No,Yes
TN,Storm,2011-05-09,2011,5,Yes,Yes
MO,Storm,2011-05-09,2011,5,Yes,Yes
TX,Fire,2011-05-09,2011,5,No,Yes
AZ,Fire,2011-05-09,2011,5,No,Yes
MN,Flood,2011-05-10,2011,5,No,Yes
ND,Flood,2011-05-10,2011,5,Yes,Yes
MS,Flood,2011-05-11,2011,5,Yes,Yes
OK,Storm,2011-05-13,2011,5,No,Yes
SD,Flood,2011-05-13,2011,5,Yes,Yes
ID,Flood,2011-05-20,2011,5,No,Yes
ND,Storm,2011-05-20,2011,5,No,Yes
AK,Fire,2011-05-22,2011,5,No,Yes
TX,Fire,2011-05-24,2011,5,No,Yes
OK,Storm,2011-05-27,2011,5,No,Yes
TX,Fire,2011-05-29,2011,5,No,Yes
AZ,Fire,2011-06-02,2011,6,No,Yes
TX,Fire,2011-06-02,2011,6,No,Yes
TX,Fire,2011-06-03,2011,6,No,Yes
OK,Storm,2011-06-06,2011,6,Yes,Yes
MN,Storm,2011-06-07,2011,6,No,Yes
IL,Storm,2011-06-07,2011,6,Yes,Yes
NY,Flood,2011-06-10,2011,6,No,Yes
AK,Flood,2011-06-10,2011,6,No,Yes
NM,Fire,2011-06-10,2011,6,No,Yes
AZ,Fire,2011-06-12,2011,6,No,Yes
NM,Fire,2011-06-12,2011,6,No,Yes
VT,Storm,2011-06-15,2011,6,Yes,Yes
MA,Tornado,2011-06-15,2011,6,Yes,Yes
GA,Fire,2011-06-15,2011,6,No,Yes
CO,Fire,2011-06-16,2011,6,No,Yes
TX,Fire,2011-06-16,2011,6,No,Yes
GA,Fire,2011-06-16,2011,6,No,Yes
TX,Fire,2011-06-17,2011,6,No,Yes
MT,Storm,2011-06-17,2011,6,Yes,Yes
TX,Fire,2011-06-18,2011,6,No,Yes
NE,Flood,2011-06-18,2011,6,No,Yes
TX,Fire,2011-06-20,2011,6,No,Yes
TX,Fire,2011-06-21,2011,6,No,Yes
IN,Storm,2011-06-23,2011,6,No,Yes
OK,Fire,2011-06-24,2011,6,No,Yes
KS,Flood,2011-06-25,2011,6,No,Yes
NM,Fire,2011-06-26,2011,6,No,Yes
IA,Flood,2011-06-27,2011,6,Yes,Yes
NM,Fire,2011-06-29,2011,6,No,Yes
NM,Fire,2011-06-30,2011,6,No,Yes
MO,Flood,2011-06-30,2011,6,No,Yes
TX,Fire,2011-07-01,2011,7,No,Yes
NC,Fire,2011-07-04,2011,7,No,Yes
VT,Storm,2011-07-08,2011,7,Yes,Yes
AR,Storm,2011-07-08,2011,7,Yes,Yes
TX,Fire,2011-07-11,2011,7,No,Yes
PA,Storm,2011-07-13,2011,7,No,Yes
OH,Storm,2011-07-13,2011,7,No,Yes
PR,Storm,2011-07-14,2011,7,No,Yes
OK,Fire,2011-07-15,2011,7,No,Yes
TN,Storm,2011-07-20,2011,7,No,Yes
WY,Storm,2011-07-22,2011,7,No,Yes
NH,Flood,2011-07-22,2011,7,No,Yes
KY,Storm,2011-07-25,2011,7,Yes,Yes
OK,Fire,2011-07-26,2011,7,No,Yes
MN,Storm,2011-07-28,2011,7,No,Yes
KS,Storm,2011-07-29,2011,7,No,Yes
OK,Fire,2011-08-01,2011,8,No,Yes
OK,Fire,2011-08-02,2011,8,No,Yes
OK,Fire,2011-08-04,2011,8,No,Yes
OK,Fire,2011-08-05,2011,8,No,Yes
OK,Fire,2011-08-07,2011,8,No,Yes
OK,Fire,2011-08-08,2011,8,No,Yes
UT,Flood,2011-08-08,2011,8,No,Yes
MO,Flood,2011-08-12,2011,8,Yes,Yes
NE,Flood,2011-08-12,2011,8,Yes,Yes
NE,Storm,2011-08-12,2011,8,No,Yes
TX,Fire,2011-08-15,2011,8,No,Yes
LA,Flood,2011-08-18,2011,8,No,Yes
PR,Hurricane,2011-08-22,2011,8,No,Yes
IA,Storm,2011-08-24,2011,8,No,Yes
NC,Hurricane,2011-08-25,2011,8,No,Yes
VA,Hurricane,2011-08-26,2011,8,No,Yes
MA,Hurricane,2011-08-26,2011,8,No,Yes
NY,Hurricane,2011-08-26,2011,8,No,Yes
PR,Hurricane,2011-08-27,2011,8,Yes,Yes
MD,Hurricane,2011-08-27,2011,8,No,Yes
RI,Hurricane,2011-08-27,2011,8,No,Yes
NJ,Hurricane,2011-08-27,2011,8,No,Yes
CT,Hurricane,2011-08-27,2011,8,Yes,Yes
DE,Hurricane,2011-08-28,2011,8,No,Yes
DC,Hurricane,2011-08-28,2011,8,No,Yes
MT,Fire,2011-08-29,2011,8,No,Yes
PA,Hurricane,2011-08-29,2011,8,No,Yes
VT,Hurricane,2011-08-29,2011,8,No,Yes
TX,Fire,2011-08-30,2011,8,No,Yes
OK,Fire,2011-08-30,2011,8,No,Yes
IA,Storm,2011-08-30,2011,8,No,Yes
OK,Fire,2011-08-31,2011,8,No,Yes
NJ,Hurricane,2011-08-31,2011,8,Yes,Yes
NY,Hurricane,2011-08-31,2011,8,Yes,Yes
NC,Hurricane,2011-08-31,2011,8,Yes,Yes
VT,Hurricane,2011-09-01,2011,9,Yes,Yes
CA,Fire,2011-09-02,2011,9,No,Yes
CT,Hurricane,2011-09-02,2011,9,Yes,Yes
MA,Hurricane,2011-09-03,2011,9,Yes,Yes
RI,Hurricane,2011-09-03,2011,9,No,Yes
PA,Hurricane,2011-09-03,2011,9,Yes,Yes
VA,Hurricane,2011-09-03,2011,9,No,Yes
OK,Fire,2011-09-03,2011,9,No,Yes
NH,Hurricane,2011-09-03,2011,9,Yes,Yes
TX,Fire,2011-09-04,2011,9,No,Yes
CA,Fire,2011-09-05,2011,9,No,Yes
TX,Fire,2011-09-05,2011,9,No,Yes
TX,Fire,2011-09-06,2011,9,No,Yes
PA,Flood,2011-09-08,2011,9,No,Yes
NY,Storm,2011-09-08,2011,9,No,Yes
TX,Fire,2011-09-08,2011,9,No,Yes
WA,Fire,2011-09-08,2011,9,No,Yes
TX,Fire,2011-09-09,2011,9,Yes,Yes
NV,Fire,2011-09-10,2011,9,No,Yes
CA,Fire,2011-09-11,2011,9,No,Yes
PA,Flood,2011-09-12,2011,9,Yes,Yes
ME,Hurricane,2011-09-13,2011,9,No,Yes
NY,Storm,2011-09-13,2011,9,Yes,Yes
NJ,Storm,2011-09-15,2011,9,No,Yes
MD,Hurricane,2011-09-16,2011,9,No,Yes
KS,Flood,2011-09-23,2011,9,No,Yes
DC,Hurricane,2011-09-28,2011,9,No,Yes
DE,Hurricane,2011-09-30,2011,9,No,Yes
NV,Fire,2011-10-03,2011,10,No,Yes
MD,Flood,2011-10-05,2011,10,No,Yes
NJ,Storm,2011-10-14,2011,10,No,Yes
PR,Hurricane,2011-10-18,2011,10,Yes,No
LA,Storm,2011-10-28,2011,10,No,Yes
CT,Storm,2011-10-31,2011,10,No,Yes
NH,Storm,2011-11-01,2011,11,No,Yes
MA,Storm,2011-11-01,2011,11,No,Yes
VA,Earthquake,2011-11-04,2011,11,Yes,Yes
DC,Earthquake,2011-11-08,2011,11,No,Yes
VT,Storm,2011-11-08,2011,11,No,Yes
VA,Storm,2011-11-17,2011,11,No,Yes
CT,Storm,2011-11-17,2011,11,No,Yes
NV,Fire,2011-11-18,2011,11,No,Yes
NM,Flood,2011-11-23,2011,11,No,Yes
NJ,Storm,2011-11-30,2011,11,No,Yes
NH,Storm,2011-12-05,2011,12,No,Yes
AK,Storm,2011-12-22,2011,12,No,Yes
MA,Storm,2012-01-06,2012,1,No,Yes
NV,Fire,2012-01-19,2012,1,No,Yes
UT,Storm,2012-02-01,2012,2,No,Yes
AL,Storm,2012-02-01,2012,2,Yes,No
AK,Storm,2012-02-02,2012,2,No,Yes
OR,Flood,2012-03-02,2012,3,No,Yes
WA,Storm,2012-03-05,2012,3,No,Yes
KY,Storm,2012-03-06,2012,3,Yes,Yes
IN,Storm,2012-03-09,2012,3,Yes,Yes
WV,Storm,2012-03-16,2012,3,Yes,Yes
TN,Storm,2012-03-16,2012,3,Yes,No
WV,Storm,2012-03-22,2012,3,Yes,Yes
CO,Fire,2012-03-26,2012,3,No,Yes
HI,Storm,2012-04-18,2012,4,No,Yes
TX,Fire,2012-04-30,2012,4,No,Yes
NV,Fire,2012-05-22,2012,5,No,Yes
KS,Storm,2012-05-24,2012,5,No,Yes
NM,Fire,2012-05-26,2012,5,No,Yes
CO,Fire,2012-06-09,2012,6,No,Yes
NM,Fire,2012-06-09,2012,6,No,Yes
OK,Storm,2012-06-14,2012,6,No,Yes
NH,Storm,2012-06-15,2012,6,No,Yes
NM,Fire,2012-06-18,2012,6,No,Yes
NM,Fire,2012-06-20,2012,6,No,Yes
VT,Storm,2012-06-22,2012,6,No,Yes
UT,Fire,2012-06-22,2012,6,No,Yes
UT,Fire,2012-06-24,2012,6,No,Yes
CO,Fire,2012-06-24,2012,6,No,Yes
MT,Fire,2012-06-26,2012,6,No,Yes
UT,Fire,2012-06-27,2012,6,No,Yes
MT,Fire,2012-06-27,2012,6,No,Yes
CO,Fire,2012-06-28,2012,6,Yes,Yes
WY,Fire,2012-06-29,2012,6,No,Yes
UT,Fire,2012-06-29,2012,6,No,Yes
OH,Storm,2012-06-30,2012,6,No,Yes
WV,Storm,2012-06-30,2012,6,No,Yes
UT,Fire,2012-07-02,2012,7,No,Yes
WY,Fire,2012-07-02,2012,7,No,Yes
FL,Storm,2012-07-03,2012,7,Yes,Yes
WY,Fire,2012-07-03,2012,7,No,Yes
MN,Storm,2012-07-06,2012,7,No,Yes
NJ,Storm,2012-07-19,2012,7,No,Yes
SD,Fire,2012-07-20,2012,7,No,Yes
WV,Storm,2012-07-23,2012,7,Yes,Yes
VA,Storm,2012-07-27,2012,7,No,Yes
OK,Fire,2012-07-30,2012,7,No,Yes
DC,Storm,2012-07-31,2012,7,No,Yes
WI,Storm,2012-08-02,2012,8,No,Yes
MD,Storm,2012-08-02,2012,8,No,Yes
MT,Fire,2012-08-02,2012,8,No,Yes
OK,Fire,2012-08-03,2012,8,No,Yes
OH,Storm,2012-08-20,2012,8,No,Yes
OK,Fire,2012-08-22,2012,8,Yes,No
NM,Flood,2012-08-24,2012,8,No,Yes
LA,Hurricane,2012-08-27,2012,8,No,Yes
MS,Hurricane,2012-08-28,2012,8,No,Yes
LA,Hurricane,2012-08-29,2012,8,Yes,Yes
MS,Hurricane,2012-08-29,2012,8,Yes,Yes
AL,Hurricane,2012-09-21,2012,9,No,Yes
WA,Storm,2012-09-25,2012,9,No,Yes
FL,Hurricane,2012-10-18,2012,10,No,Yes
NJ,Hurricane,2012-10-28,2012,10,No,Yes
CT,Hurricane,2012-10-28,2012,10,No,Yes
DC,Hurricane,2012-10-28,2012,10,No,Yes
MA,Hurricane,2012-10-28,2012,10,No,Yes
NY,Hurricane,2012-10-28,2012,10,No,Yes
MD,Hurricane,2012-10-28,2012,10,No,Yes
WV,Hurricane,2012-10-29,2012,10,No,Yes
VA,Hurricane,2012-10-29,2012,10,No,Yes
DE,Hurricane,2012-10-29,2012,10,No,Yes
RI,Hurricane,2012-10-29,2012,10,No,Yes
PA,Hurricane,2012-10-29,2012,10,No,Yes
CT,Hurricane,2012-10-30,2012,10,Yes,Yes
NY,Hurricane,2012-10-30,2012,10,Yes,Yes
NJ,Hurricane,2012-10-30,2012,10,Yes,Yes
NH,Hurricane,2012-10-30,2012,10,No,Yes
RI,Hurricane,2012-11-03,2012,11,Yes,Yes
UT,Flood,2012-11-03,2012,11,No,Yes
DE,Hurricane,2012-11-16,2012,11,No,Yes
MD,Hurricane,2012-11-20,2012,11,Yes,Yes
VA,Hurricane,2012-11-26,2012,11,Yes,Yes
AK,Storm,2012-11-27,2012,11,No,Yes
WV,Hurricane,2012-11-27,2012,11,No,Yes
NH,Hurricane,2012-11-28,2012,11,No,Yes
DC,Hurricane,2012-12-05,2012,12,No,Yes
MA,Hurricane,2012-12-19,2012,12,No,Yes
OH,Hurricane,2013-01-03,2013,1,No,Yes
PA,Hurricane,2013-01-10,2013,1,No,Yes
AR,Ice,2013-01-29,2013,1,No,Yes
CT,Storm,2013-02-10,2013,2,No,Yes
MS,Storm,2013-02-13,2013,2,Yes,Yes
LA,Storm,2013-02-22,2013,2,No,Yes
NC,Mud/Landslide,2013-03-01,2013,3,No,Yes
AZ,Winter,2013-03-05,2013,3,No,Yes
NH,Storm,2013-03-19,2013,3,No,Yes
CT,Storm,2013-03-21,2013,3,No,Yes
RI,Storm,2013-03-22,2013,3,No,Yes
ME,Storm,2013-03-25,2013,3,No,Yes
OK,Storm,2013-04-08,2013,4,No,Yes
MA,Terrorism,2013-04-17,2013,4,No,Yes
TX,Other,2013-04-19,2013,4,Yes,Yes
MA,Storm,2013-04-19,2013,4,No,Yes
NY,Storm,2013-04-23,2013,4,No,Yes
ND,Flood,2013-04-26,2013,4,No,Yes
KS,Snow,2013-04-26,2013,4,No,Yes
MN,Storm,2013-05-03,2013,5,No,Yes
IA,Storm,2013-05-06,2013,5,No,Yes
IL,Flood,2013-05-10,2013,5,Yes,Yes
SD,Storm,2013-05-10,2013,5,No,Yes
OK,Tornado,2013-05-20,2013,5,Yes,Yes
ND,Flood,2013-05-29,2013,5,No,Yes
IA,Flood,2013-05-31,2013,5,No,Yes
VT,Flood,2013-06-13,2013,6,No,Yes
MI,Flood,2013-06-18,2013,6,No,Yes
AR,Storm,2013-06-25,2013,6,No,Yes
AK,Flood,2013-06-25,2013,6,Yes,Yes
ND,Flood,2013-06-25,2013,6,No,Yes
SD,Storm,2013-06-28,2013,6,No,Yes
IA,Storm,2013-07-02,2013,7,No,Yes
MT,Flood,2013-07-10,2013,7,No,Yes
NY,Flood,2013-07-12,2013,7,No,Yes
ND,Storm,2013-07-12,2013,7,No,Yes
MO,Storm,2013-07-18,2013,7,No,Yes
MN,Storm,2013-07-25,2013,7,No,Yes
CO,Fire,2013-07-26,2013,7,Yes,Yes
WV,Flood,2013-07-26,2013,7,No,Yes
IA,Storm,2013-07-31,2013,7,No,Yes
NH,Storm,2013-08-02,2013,8,No,Yes
FL,Storm,2013-08-02,2013,8,No,Yes
VT,Flood,2013-08-02,2013,8,No,Yes
SD,Storm,2013-08-02,2013,8,No,Yes
TX,Other,2013-08-02,2013,8,No,Yes
WI,Storm,2013-08-08,2013,8,No,Yes
CA,Fire,2013-08-29,2013,8,No,Yes
AR,Storm,2013-09-04,2013,9,No,Yes
MO,Storm,2013-09-06,2013,9,No,Yes
CO,Flood,2013-09-12,2013,9,No,Yes
CO,Flood,2013-09-14,2013,9,Yes,Yes
NC,Flood,2013-09-25,2013,9,No,Yes
NM,Storm,2013-09-27,2013,9,No,Yes
NM,Storm,2013-09-30,2013,9,No,Yes
PA,Storm,2013-10-01,2013,10,No,Yes
KS,Storm,2013-10-22,2013,10,No,Yes
NM,Storm,2013-10-24,2013,10,No,Yes
NC,Flood,2013-10-29,2013,10,No,Yes
NM,Flood,2013-10-29,2013,10,No,Yes
ND,Storm,2013-10-31,2013,10,No,Yes
SD,Storm,2013-11-08,2013,11,Yes,Yes
IL,Tornado,2013-11-26,2013,11,Yes,No
NE,Storm,2013-11-26,2013,11,No,Yes
CA,Fire,2013-12-13,2013,12,No,Yes
TX,Storm,2013-12-20,2013,12,No,Yes
AR,Ice,2014-01-06,2014,1,No,Yes
WV,Chemical,2014-01-10,2014,1,No,Yes
AK,Flood,2014-01-16,2014,1,No,Yes
AK,Storm,2014-01-23,2014,1,No,Yes
VT,Ice,2014-01-29,2014,1,No,Yes
OK,Storm,2014-01-30,2014,1,No,Yes
PA,Ice,2014-02-06,2014,2,No,Yes
GA,Ice,2014-02-11,2014,2,No,Yes
SC,Ice,2014-02-12,2014,2,No,Yes
GA,Ice,2014-03-06,2014,3,No,Yes
SC,Ice,2014-03-12,2014,3,No,Yes
WA,Mud/Landslide,2014-03-24,2014,3,No,Yes
NC,Ice,2014-03-31,2014,3,No,Yes
WA,Mud/Landslide,2014-04-02,2014,4,Yes,Yes
OR,Storm,2014-04-04,2014,4,No,Yes
MD,Storm,2014-04-10,2014,4,No,Yes
TN,Ice,2014-04-11,2014,4,No,Yes
MT,Flood,2014-04-17,2014,4,No,Yes
IN,Storm,2014-04-22,2014,4,No,Yes
AR,Storm,2014-04-29,2014,4,Yes,Yes
MS,Storm,2014-04-30,2014,4,Yes,Yes
AL,Storm,2014-05-02,2014,5,Yes,Yes
FL,Storm,2014-05-06,2014,5,Yes,Yes
VT,Flood,2014-06-11,2014,6,No,Yes
NE,Tornado,2014-06-17,2014,6,No,Yes
NY,Storm,2014-07-08,2014,7,No,Yes
IA,Storm,2014-07-14,2014,7,No,Yes
MN,Flood,2014-07-21,2014,7,No,Yes
WA,Fire,2014-07-23,2014,7,No,Yes
NE,Storm,2014-07-24,2014,7,No,Yes
IA,Flood,2014-07-24,2014,7,No,Yes
SD,Flood,2014-07-28,2014,7,No,Yes
NE,Storm,2014-07-28,2014,7,No,Yes
IA,Storm,2014-08-05,2014,8,No,Yes
WA,Fire,2014-08-11,2014,8,No,Yes
TN,Storm,2014-08-13,2014,8,No,Yes
ND,Flood,2014-08-19,2014,8,No,Yes
GU,Storm,2014-09-10,2014,9,No,Yes
AS,Storm,2014-09-10,2014,9,No,Yes
CA,Earthquake,2014-09-11,2014,9,Yes,Yes
HI,Storm,2014-09-12,2014,9,No,Yes
MI,Flood,2014-09-25,2014,9,Yes,Yes
KY,Storm,2014-09-30,2014,9,No,Yes
NM,Storm,2014-10-06,2014,10,No,Yes
MT,Storm,2014-10-09,2014,10,No,Yes
NM,Storm,2014-10-29,2014,10,No,Yes
MO,Storm,2014-10-31,2014,10,No,Yes
HI,Volcano,2014-11-03,2014,11,No,Yes
AZ,Flood,2014-11-05,2014,11,No,Yes
NV,Flood,2014-11-05,2014,11,No,Yes
NY,Snow,2014-12-22,2014,12,No,Yes
MS,Tornado,2015-01-07,2015,1,No,Yes
CA,Flood,2015-01-27,2015,1,No,Yes
VT,Storm,2015-02-03,2015,2,No,Yes
ME,Snow,2015-03-12,2015,3,No,Yes
NH,Storm,2015-03-25,2015,3,No,Yes
WV,Storm,2015-03-31,2015,3,No,Yes
TN,Ice,2015-04-02,2015,4,No,Yes
RI,Storm,2015-04-03,2015,4,No,Yes
CT,Storm,2015-04-08,2015,4,No,Yes
MA,Storm,2015-04-13,2015,4,No,Yes
GA,Ice,2015-04-20,2015,4,No,Yes
KY,Snow,2015-04-30,2015,4,No,Yes
KY,Flood,2015-05-01,2015,5,Yes,Yes
KY,Flood,2015-05-12,2015,5,No,Yes
WV,Storm,2015-05-14,2015,5,No,Yes
WV,Flood,2015-05-18,2015,5,No,Yes
WV,Flood,2015-05-21,2015,5,No,Yes
OK,Storm,2015-05-26,2015,5,Yes,Yes
TX,Storm,2015-05-29,2015,5,Yes,Yes
GU,Typhoon,2015-06-05,2015,6,No,Yes
NE,Storm,2015-06-25,2015,6,No,Yes
AR,Storm,2015-06-26,2015,6,Yes,Yes
WY,Flood,2015-07-07,2015,7,Yes,Yes
LA,Flood,2015-07-13,2015,7,No,Yes
CO,Flood,2015-07-16,2015,7,No,Yes
KS,Storm,2015-07-20,2015,7,No,Yes
NJ,Storm,2015-07-22,2015,7,No,Yes
VT,Storm,2015-07-29,2015,7,No,Yes
SD,Storm,2015-07-30,2015,7,No,Yes
IA,Storm,2015-07-31,2015,7,No,Yes
MP,Typhoon,2015-08-05,2015,8,Yes,Yes
MO,Storm,2015-08-07,2015,8,No,Yes
SD,Storm,2015-08-07,2015,8,Yes,No
WV,Storm,2015-08-07,2015,8,No,Yes
KY,Storm,2015-08-12,2015,8,Yes,Yes
WA,Fire,2015-08-21,2015,8,No,Yes
CA,Fire,2015-09-22,2015,9,Yes,Yes
SC,Storm,2015-10-03,2015,10,No,Yes
SC,Flood,2015-10-05,2015,10,Yes,Yes
WA,Storm,2015-10-15,2015,10,No,Yes
WA,Fire,2015-10-20,2015,10,No,Yes
AK,Storm,2015-10-30,2015,10,No,Yes
TX,Storm,2015-11-25,2015,11,Yes,Yes
ID,Storm,2015-12-23,2015,12,No,Yes
OK,Ice,2015-12-29,2015,12,No,Yes
MO,Flood,2016-01-02,2016,1,No,Yes
MS,Storm,2016-01-04,2016,1,Yes,Yes
WA,Storm,2016-01-15,2016,1,No,Yes
MI,Chemical,2016-01-16,2016,1,No,Yes
AL,Storm,2016-01-21,2016,1,No,Yes
MO,Flood,2016-01-21,2016,1,Yes,Yes
ID,Storm,2016-02-01,2016,2,No,Yes
WA,Flood,2016-02-02,2016,2,No,Yes
AR,Storm,2016-02-05,2016,2,Yes,Yes
LA,Flood,2016-02-05,2016,2,No,Yes
TX,Storm,2016-02-09,2016,2,No,Yes
OK,Storm,2016-02-10,2016,2,No,Yes
OR,Storm,2016-02-17,2016,2,No,Yes
AK,Storm,2016-02-17,2016,2,No,Yes
GA,Storm,2016-02-26,2016,2,No,Yes
MD,Snow,2016-03-04,2016,3,No,Yes
DC,Snow,2016-03-04,2016,3,No,Yes
VA,Snow,2016-03-07,2016,3,No,Yes
LA,Flood,2016-03-13,2016,3,Yes,Yes
NJ,Storm,2016-03-14,2016,3,No,Yes
DE,Snow,2016-03-16,2016,3,No,Yes
TX,Flood,2016-03-19,2016,3,Yes,Yes
PA,Snow,2016-03-23,2016,3,No,Yes
MS,Flood,2016-03-25,2016,3,Yes,Yes
TX,Flood,2016-04-25,2016,4,Yes,Yes
AR,Storm,2016-05-06,2016,5,No,Yes
MT,Storm,2016-05-24,2016,5,No,Yes
TX,Flood,2016-06-11,2016,6,Yes,Yes
WV,Flood,2016-06-25,2016,6,Yes,Yes
OK,Flood,2016-07-15,2016,7,No,Yes
MT,Tornado,2016-08-03,2016,8,No,Yes
WI,Storm,2016-08-09,2016,8,No,Yes
LA,Flood,2016-08-14,2016,8,Yes,Yes
KY,Storm,2016-08-26,2016,8,No,Yes
MD,Flood,2016-09-16,2016,9,No,Yes
FL,Hurricane,2016-09-28,2016,9,Yes,Yes
IA,Flood,2016-09-29,2016,9,No,Yes
GA,Hurricane,2016-10-06,2016,10,No,Yes
SC,Hurricane,2016-10-06,2016,10,No,Yes
HI,Mud/Landslide,2016-10-06,2016,10,No,Yes
FL,Hurricane,2016-10-06,2016,10,No,Yes
NC,Hurricane,2016-10-07,2016,10,No,Yes
GA,Hurricane,2016-10-08,2016,10,Yes,Yes
FL,Hurricane,2016-10-08,2016,10,Yes,Yes
NC,Hurricane,2016-10-10,2016,10,Yes,Yes
SC,Hurricane,2016-10-11,2016,10,Yes,Yes
WI,Flood,2016-10-20,2016,10,No,Yes
KS,Storm,2016-10-20,2016,10,No,Yes
IA,Flood,2016-10-31,2016,10,No,Yes
VA,Hurricane,2016-11-02,2016,11,Yes,Yes
MN,Flood,2016-11-02,2016,11,Yes,Yes
PA,Flood,2016-12-02,2016,12,No,Yes
TN,Fire,2016-12-15,2016,12,Yes,Yes
MS,Tornado,2017-01-25,2017,1,Yes,Yes
GA,Storm,2017-01-25,2017,1,Yes,Yes
OR,Storm,2017-01-25,2017,1,No,Yes
GA,Tornado,2017-01-26,2017,1,Yes,Yes
SD,Storm,2017-02-01,2017,2,No,Yes
OK,Storm,2017-02-10,2017,2,No,Yes
LA,Tornado,2017-02-11,2017,2,Yes,No
CA,Storm,2017-02-14,2017,2,No,Yes
CA,Dam/Levee Break,2017-02-14,2017,2,No,Yes
